-- DML --
DROP TABLE IF EXISTS TBL_AA_DELEGATED_RESOURCES;
DROP TABLE IF EXISTS TBL_AA_SUBJECT2DELEGATOR;
DROP TABLE IF EXISTS TBL_AA_GROUP_ADMIN;
DROP TABLE IF EXISTS TBL_AA_USER_SESSION_INFO;
DROP TABLE IF EXISTS TBL_AA_SUBJECT2GROUP;
DROP TABLE IF EXISTS TBL_AA_SUBJECT2RES;
DROP TABLE IF EXISTS TBL_AA_GROUP2RES;
DROP TABLE IF EXISTS TBL_AA_AUTH2GROUP;
DROP TABLE IF EXISTS TBL_AA_AUTHORITY;
DROP TABLE IF EXISTS TBL_AA_RES2RES;
DROP TABLE IF EXISTS TBL_AA_RESOURCES;
DROP TABLE IF EXISTS TBL_AA_GROUP;
DROP TABLE IF EXISTS TBL_AA_SUBJECT_LOGIN;
DROP TABLE IF EXISTS TBL_AA_SUBJECT_PWD_HISTORY;
DROP TABLE IF EXISTS TBL_AA_PUBLIC_REG;
DROP TABLE IF EXISTS TBL_AA_SUBJECT ;
DROP TABLE IF EXISTS TBL_AA_APP_PARAM;
DROP TABLE IF EXISTS TBL_AA_APP;
DROP TABLE IF EXISTS TBL_AA_LOGIN_LOG;
DROP TABLE IF EXISTS TBL_AA_VIOLATION_LOG;
DROP TABLE IF EXISTS TBL_AA_SIGN_LOG;

DROP TABLE IF EXISTS TBL_AA_APP_AUD;
DROP TABLE IF EXISTS TBL_AA_APP_PARAM_AUD;
DROP TABLE IF EXISTS TBL_AA_DELEGATED_RESOURCES_AUD;
DROP TABLE IF EXISTS TBL_AA_GROUP2RES_AUD;
DROP TABLE IF EXISTS TBL_AA_GROUP_ADMIN_AUD;
DROP TABLE IF EXISTS TBL_AA_GROUP_AUD;
DROP TABLE IF EXISTS TBL_AA_PUBLIC_REG_AUD;
DROP TABLE IF EXISTS TBL_AA_RES2RES_AUD;
DROP TABLE IF EXISTS TBL_AA_RESOURCES_AUD;
DROP TABLE IF EXISTS TBL_AA_SIGN_LOG_AUD;
DROP TABLE IF EXISTS TBL_AA_SUBJECT2DELEGATOR_AUD;
DROP TABLE IF EXISTS TBL_AA_SUBJECT2GROUP_AUD;
DROP TABLE IF EXISTS TBL_AA_SUBJECT2RES_AUD;
DROP TABLE IF EXISTS TBL_AA_SUBJECT_AUD;
DROP TABLE IF EXISTS TBL_AA_SUBJECT_LOGIN_AUD;

CREATE TABLE TBL_AA_APP	(
  APP_ID	          VARCHAR(32)	NOT NULL,
  APP_CODE	          VARCHAR(32)	NOT NULL,
  APP_NAME	          VARCHAR(50)	NOT NULL,
  APP_DESC	          VARCHAR(255)	NULL,
  CREATED_DT	      DATETIME	    NOT NULL,
  CREATED_BY	      VARCHAR(32)   NOT NULL,
  UPDATED_DT	      DATETIME	    DEFAULT NULL,
  UPDATED_BY	      VARCHAR(32)	DEFAULT NULL,
  VERSION	          INTEGER	    NOT NULL,
  PRIMARY KEY (APP_ID),
  UNIQUE KEY (APP_CODE)
);

CREATE TABLE TBL_AA_APP_PARAM (
  PARAM_ID	          VARCHAR(32)	 NOT NULL,
  APP_ID	          VARCHAR(32)	 NOT NULL,
  PARAM_NAME	      VARCHAR(255)   NOT NULL,
  PARAM_VALUE	      VARCHAR(255)   NOT NULL,
  CREATED_DT	      DATETIME	     NOT NULL,
  CREATED_BY	      VARCHAR(32)	 NOT NULL,
  UPDATED_DT	      DATETIME	     DEFAULT NULL,
  UPDATED_BY	      VARCHAR(32)	 DEFAULT NULL,
  VERSION	          INTEGER        NOT NULL,
  PRIMARY KEY (PARAM_ID),
  FOREIGN KEY (APP_ID) REFERENCES TBL_AA_APP (APP_ID)
);
  
CREATE TABLE TBL_AA_SUBJECT (
  SUBJECT_ID          VARCHAR(32)    NOT NULL,
  FIRST_NAME          VARCHAR(100)   NOT NULL,
  LAST_NAME           VARCHAR(100)           ,
  EMAIL               VARCHAR(200)           ,
  PHONE_NUM           VARCHAR(20)            ,
  EFFECTIVE_DT        DATE                   ,
  EXPIRY_DT           DATE                   ,
  STATUS              VARCHAR(1)     NOT NULL,
  LOGICAL_DEL         INTEGER                ,
  LAST_LOGIN_DT       DATETIME               ,
  LAST_LOGIN_IP       VARCHAR(40)			 ,
  CREATED_DT          DATETIME               ,
  CREATED_BY          VARCHAR(32)            ,
  UPDATED_DT          DATETIME       DEFAULT NULL,
  UPDATED_BY          VARCHAR(32)    DEFAULT NULL,
  VERSION             INTEGER        NOT NULL,
  PRIMARY KEY (SUBJECT_ID)
);

CREATE TABLE TBL_AA_SUBJECT_LOGIN (
    SUBJECT_ID                VARCHAR(32)     NOT NULL,
    LOGIN_MECHANISM		      VARCHAR(32)     NOT NULL,
    LOGIN_NAME                VARCHAR(32)     NOT NULL,
    PASSWORD                  VARCHAR(2000)           ,
    RECALL_QUESTION           VARCHAR(100)            ,
    RECALL_ANS                VARCHAR(500)            ,
    PASSWORD_CHANGED_DATE     DATETIME                ,
    ATTEMPTS_MADE             INTEGER                 ,
    CREATED_DT                DATETIME                ,
    CREATED_BY                VARCHAR(32)             ,
    UPDATED_DT                DATETIME        DEFAULT NULL,
    UPDATED_BY                VARCHAR(32)     DEFAULT NULL,
    VERSION                   INTEGER         NOT NULL,
    PRIMARY KEY (SUBJECT_ID,LOGIN_MECHANISM),
    FOREIGN KEY (SUBJECT_ID) REFERENCES TBL_AA_SUBJECT (SUBJECT_ID)
);

CREATE TABLE TBL_AA_GROUP (
    GROUP_ID              VARCHAR(32)     NOT NULL,
    GROUP_NAME            VARCHAR(50)     NOT NULL,
    GROUP_LABEL		      VARCHAR(50)             ,
    GROUP_PARENT_ID       VARCHAR(32)             ,
    GROUP_TYPE		      VARCHAR(32)             ,
    LEFT_INDEX            INTEGER(11)     DEFAULT NULL,
    RIGHT_INDEX           INTEGER(11)     DEFAULT NULL,
    CREATED_DT            DATETIME                ,
    CREATED_BY            VARCHAR(32)             ,
    UPDATED_DT            DATETIME        DEFAULT NULL,
    UPDATED_BY            VARCHAR(32)     DEFAULT NULL,
    VERSION               INTEGER         NOT NULL,
    PRIMARY KEY (GROUP_ID)
);

CREATE TABLE TBL_AA_RESOURCES (
    RESOURCES_ID            VARCHAR(32)     NOT NULL,
    APP_ID	                VARCHAR(32)     NOT NULL,
    RESOURCE_NAME           VARCHAR(100)    NOT NULL,
    RESOURCE_PATH           VARCHAR(100)            ,
    RESOURCE_TYPE           VARCHAR(50)     NOT NULL,
    REQ_LOGIN_TYPE          VARCHAR(11)             ,
    BELONG_TO               VARCHAR(32) ,
    LOG_ENABLED		        INTEGER         NOT NULL DEFAULT '0',
    LOG_TRANSACTION	        INTEGER         NOT NULL DEFAULT '0',
    EFFECTIVE_FROM          Date		            ,
    EFFECTIVE_TO            Date		            ,
    CREATED_DT              DATETIME                ,
    CREATED_BY              VARCHAR(32)             ,
    UPDATED_DT              DATETIME        DEFAULT NULL,
    UPDATED_BY              VARCHAR(32)     DEFAULT NULL,
    VERSION                 INTEGER         NOT NULL,

    PRIMARY KEY (RESOURCES_ID),
    FOREIGN KEY (APP_ID) REFERENCES TBL_AA_APP (APP_ID)
);

CREATE TABLE TBL_AA_USER_SESSION_INFO (
    JSESSIONID              VARCHAR(128) NOT NULL,
    SUBJECT_ID              VARCHAR(32)          ,
    APP_CODE	            VARCHAR(32)  NOT NULL,
    LOGIN_ID                VARCHAR(32)          ,
    LOGIN_TYPE              VARCHAR(40)          ,
    FIRST_NAME              VARCHAR(100)          ,
    LAST_NAME               VARCHAR(100)          ,
    IP_ADDRESS              VARCHAR(40)          ,
    UPDATED_DT              DATETIME      DEFAULT NULL,
    PRIMARY KEY (JSESSIONID)
);

CREATE TABLE TBL_AA_AUTHORITY (
AUTHORITY_ID  	VARCHAR(32)  NOT NULL,
AUTHORITY    	VARCHAR(50)  NOT NULL,
CREATED_DT 		DATETIME           ,
CREATED_BY  	VARCHAR(32)         ,
UPDATED_DT  	DATETIME     DEFAULT NULL,
UPDATED_BY  	VARCHAR(32)  DEFAULT NULL,
VERSION     	INTEGER             ,
PRIMARY KEY (AUTHORITY_ID)
);

CREATE TABLE TBL_AA_AUTH2GROUP (
AUTHORITY_ID	VARCHAR(32) NOT NULL,
GROUP_ID		VARCHAR(32) NOT NULL,
CREATED_DT  	DATETIME           ,
CREATED_BY  	VARCHAR(32)        ,
PRIMARY KEY (AUTHORITY_ID, GROUP_ID),
FOREIGN KEY (AUTHORITY_ID) REFERENCES TBL_AA_AUTHORITY (AUTHORITY_ID),
FOREIGN KEY (GROUP_ID) REFERENCES TBL_AA_GROUP (GROUP_ID)
);

CREATE TABLE TBL_AA_SUBJECT2GROUP (
    SUBJECT_ID  VARCHAR(32) NOT NULL,
    GROUP_ID    VARCHAR(32) NOT NULL,
    AUTHORITY_ID	VARCHAR(32),
    CREATED_DT  DATETIME           ,
    CREATED_BY  VARCHAR(32)         ,
    UPDATED_DT  DATETIME    DEFAULT NULL,
    UPDATED_BY  VARCHAR(32) DEFAULT NULL,
    VERSION     INTEGER     NOT NULL,
    PRIMARY KEY (SUBJECT_ID, GROUP_ID),
    FOREIGN KEY (SUBJECT_ID) REFERENCES TBL_AA_SUBJECT (SUBJECT_ID),
    FOREIGN KEY (GROUP_ID) REFERENCES TBL_AA_GROUP (GROUP_ID)
);

CREATE TABLE TBL_AA_GROUP2RES (
    GROUP_ID       VARCHAR(32)  NOT NULL,
    RESOURCES_ID   VARCHAR(32)  NOT NULL,
    AUTHORITY_ID	VARCHAR(32),
    READ_ACCESS    VARCHAR(1),
    CREATE_ACCESS  VARCHAR(1),
    UPDATE_ACCESS  VARCHAR(1),
    DELETE_ACCESS  VARCHAR(1),
    EFFECTIVE_DT   DATE,
    EXPIRY_DT      DATE,
    CREATED_DT     DATETIME,
    CREATED_BY     VARCHAR(32),
    UPDATED_DT     DATETIME      DEFAULT NULL,
    UPDATED_BY     VARCHAR(32)   DEFAULT NULL,
    VERSION        INTEGER      NOT NULL,
    REF_GROUP_ID   VARCHAR(32),
    PRIMARY KEY (GROUP_ID, RESOURCES_ID),
    FOREIGN KEY (GROUP_ID) REFERENCES TBL_AA_GROUP (GROUP_ID) ,
    FOREIGN KEY (RESOURCES_ID) REFERENCES TBL_AA_RESOURCES (RESOURCES_ID)
);

CREATE TABLE TBL_AA_SUBJECT2RES (
    SUBJECT_ID     VARCHAR(32) NOT NULL,
    RESOURCES_ID   VARCHAR(32) NOT NULL,
    READ_ACCESS    VARCHAR(1),
    CREATE_ACCESS  VARCHAR(1),
    UPDATE_ACCESS  VARCHAR(1),
    DELETE_ACCESS  VARCHAR(1),
    EFFECTIVE_DT   DATE,
    EXPIRY_DT      DATE,
    CREATED_DT     DATETIME,
    CREATED_BY     VARCHAR(32),
    UPDATED_DT     DATETIME    DEFAULT NULL,
    UPDATED_BY     VARCHAR(32) DEFAULT NULL,
    VERSION        INTEGER     NOT NULL,
    REF_GROUP_ID   VARCHAR(32) ,
    PRIMARY KEY (SUBJECT_ID, RESOURCES_ID),
    FOREIGN KEY (SUBJECT_ID) REFERENCES TBL_AA_SUBJECT (SUBJECT_ID) ,
    FOREIGN KEY (RESOURCES_ID) REFERENCES TBL_AA_RESOURCES (RESOURCES_ID)
);

CREATE TABLE TBL_AA_RES2RES (
    RESOURCES_ID   VARCHAR(32) NOT NULL,
    PARENT_RES_ID  VARCHAR(32) NOT NULL,
    CREATE_ACCESS  VARCHAR(1),
    READ_ACCESS    VARCHAR(1),
    UPDATE_ACCESS  VARCHAR(1),
    DELETE_ACCESS  VARCHAR(1),
    EFFECTIVE_DT   DATE,
    EXPIRY_DT      DATE,
    CREATED_DT     DATETIME,
    CREATED_BY     VARCHAR(32),
    UPDATED_DT     DATETIME    DEFAULT NULL,
    UPDATED_BY     VARCHAR(32) DEFAULT NULL,
    VERSION        INTEGER     NOT NULL,
    REF_GROUP_ID   VARCHAR(32),
    PRIMARY KEY (RESOURCES_ID, PARENT_RES_ID),
    FOREIGN KEY (RESOURCES_ID) REFERENCES TBL_AA_RESOURCES (RESOURCES_ID),
    FOREIGN KEY (PARENT_RES_ID) REFERENCES TBL_AA_RESOURCES (RESOURCES_ID)
);

CREATE TABLE TBL_AA_SUBJECT2DELEGATOR (
    SUBJECT2DELEGATOR_PK    VARCHAR(32) NOT NULL,
    SUBJECT_ID    VARCHAR(32) NOT NULL,
    DELEGATOR_ID  VARCHAR(32) NOT NULL,
    CREATED_DT    DATETIME,
    CREATED_BY    VARCHAR(32),
    VERSION       INTEGER     NOT NULL,
    PRIMARY KEY (SUBJECT2DELEGATOR_PK),
    FOREIGN KEY (SUBJECT_ID) REFERENCES TBL_AA_SUBJECT (SUBJECT_ID),
    FOREIGN KEY (DELEGATOR_ID) REFERENCES TBL_AA_SUBJECT (SUBJECT_ID)
);

CREATE TABLE TBL_AA_DELEGATED_RESOURCES (
    SUBJECT2DELEGATOR_PK  VARCHAR(32) NOT NULL,
    RESOURCES_ID   VARCHAR(32) NOT NULL,
    READ_ACCESS    VARCHAR(1),
    CREATE_ACCESS  VARCHAR(1),
    UPDATE_ACCESS  VARCHAR(1),
    DELETE_ACCESS  VARCHAR(1),
    EFFECTIVE_DT   DATE,
    EXPIRY_DT      DATE,
    CREATED_DT     DATETIME,
    CREATED_BY     VARCHAR(32),
    UPDATED_DT     DATETIME    DEFAULT NULL,
    UPDATED_BY     VARCHAR(32) DEFAULT NULL,
    VERSION        INTEGER    NOT NULL,
    REF_GROUP_ID   VARCHAR(32),
    PRIMARY KEY (SUBJECT2DELEGATOR_PK, RESOURCES_ID),
    FOREIGN KEY (SUBJECT2DELEGATOR_PK) REFERENCES TBL_AA_SUBJECT2DELEGATOR (SUBJECT2DELEGATOR_PK) ,
    FOREIGN KEY (RESOURCES_ID) REFERENCES TBL_AA_RESOURCES (RESOURCES_ID)
);

CREATE TABLE TBL_AA_LOGIN_LOG (
	LOGIN_LOG_ID  VARCHAR(32) NOT NULL,
	LOGIN_ID      VARCHAR(32)         ,
	APP_CODE  	  VARCHAR(32) NOT NULL,
	LOGIN_TYPE    VARCHAR(20)         ,
	LOGIN_STATUS  VARCHAR(100)         ,
	CREATED_DT    DATETIME			  ,
	LOGIN_IP      VARCHAR(40),
	PRIMARY KEY (LOGIN_LOG_ID)
);


CREATE TABLE TBL_AA_VIOLATION_LOG (
	LOG_ID  VARCHAR(32) NOT NULL,
	LOGIN_ID      VARCHAR(32)         ,
	APP_CODE  	  VARCHAR(32) NOT NULL,
	LOGIN_TYPE    VARCHAR(20)         ,
	ACCESS_RES_NAME    VARCHAR(100)         ,
	ACCESS_RES    VARCHAR(100)         ,
	ACCESS_RES_TYPE VARCHAR(20),
	CREATED_DT    DATETIME			  ,
	LOGIN_IP      VARCHAR(40),
	PRIMARY KEY (LOG_ID)
);



CREATE TABLE TBL_AA_SUBJECT_PWD_HISTORY (
	OLD_PASSWORD_ID  VARCHAR(32) NOT NULL,
	SUBJECT_ID       VARCHAR(32) NOT NULL,
	OLD_PASSWORD     VARCHAR(2000) NOT NULL,
	CREATED_DT       DATETIME           ,
	PRIMARY KEY (OLD_PASSWORD_ID),
	FOREIGN KEY (SUBJECT_ID) REFERENCES TBL_AA_SUBJECT (SUBJECT_ID)
);

CREATE TABLE TBL_AA_GROUP_ADMIN (
	GROUP_ID      VARCHAR(32) NOT NULL,
	ADMIN_TYPE    VARCHAR(1)  NOT NULL,
	ADMIN_ID      VARCHAR(32) NOT NULL,
	DELEGATOR_ID  VARCHAR(32),
	PRECEDENCE    INTEGER,
	CREATED_DT    DATETIME,
	CREATED_BY    VARCHAR(32),
	UPDATED_DT    DATETIME    DEFAULT NULL,
	UPDATED_BY    VARCHAR(32) DEFAULT NULL,
	VERSION       INTEGER     NOT NULL,
	PRIMARY KEY (GROUP_ID, ADMIN_TYPE, ADMIN_ID),
	FOREIGN KEY (GROUP_ID) REFERENCES TBL_AA_GROUP (GROUP_ID),
	FOREIGN KEY (ADMIN_ID) REFERENCES TBL_AA_SUBJECT (SUBJECT_ID) ,
	FOREIGN KEY (DELEGATOR_ID) REFERENCES TBL_AA_SUBJECT (SUBJECT_ID)
);

CREATE TABLE TBL_AA_PUBLIC_REG (
  SUBJECT_ID               VARCHAR(32) NOT NULL,
  LOGIN_MECHANISM		   VARCHAR(32) NOT NULL,
  PUBLIC_ACTIVATION_KEY    VARCHAR(32),
  REASON                   VARCHAR(200),
  UPDATED_DT               DATETIME    DEFAULT NULL,
  PRIMARY KEY (SUBJECT_ID,LOGIN_MECHANISM)
);

CREATE TABLE TBL_AA_SIGN_LOG (
    SIGN_LOG_ID     VARCHAR(32)  NOT NULL,
    REQUEST_URI     VARCHAR(255) NOT NULL,
    IP_ADDRESS      VARCHAR(40)  NOT NULL,
    DETAILS         BLOB         NOT NULL,
    CREATED_DT      DATETIME     NOT NULL,
    CREATED_BY      VARCHAR(32)  NOT NULL,
    VALID           CHAR(1)      NOT NULL,
    PRIMARY KEY (SIGN_LOG_ID)
);

-- FOR AUDIT TABLES
CREATE TABLE TBL_AA_APP_AUD (
  APP_ID VARCHAR(255) NOT NULL,
  REV INT(11) NOT NULL,
  REV_TYPE TINYINT(4) DEFAULT NULL,
  APP_CODE VARCHAR(255) DEFAULT NULL,
  APP_DESC VARCHAR(255) DEFAULT NULL,
  APP_NAME VARCHAR(255) DEFAULT NULL,
  CREATED_BY VARCHAR(255) DEFAULT NULL,
  CREATED_DT DATETIME DEFAULT NULL,
  UPDATED_BY VARCHAR(255) DEFAULT NULL,
  UPDATED_DT DATETIME DEFAULT NULL,
  VERSION INT(11) DEFAULT NULL,
  PRIMARY KEY (APP_ID,REV),
  KEY FK584B15742EA48532 (REV),
  CONSTRAINT FK584B15742EA48532 FOREIGN KEY (REV) REFERENCES TBL_AUDIT_REV_INFO (ID)
);

CREATE TABLE TBL_AA_APP_PARAM_AUD (
  PARAM_ID VARCHAR(255) NOT NULL,
  REV INT(11) NOT NULL,
  REV_TYPE TINYINT(4) DEFAULT NULL,
  CREATED_BY VARCHAR(255) DEFAULT NULL,
  CREATED_DT DATETIME DEFAULT NULL,
  PARAM_NAME VARCHAR(255) DEFAULT NULL,
  PARAM_VALUE VARCHAR(255) DEFAULT NULL,
  UPDATED_BY VARCHAR(255) DEFAULT NULL,
  UPDATED_DT DATETIME DEFAULT NULL,
  VERSION INT(11) DEFAULT NULL,
  APP_ID VARCHAR(255) DEFAULT NULL,
  PRIMARY KEY (PARAM_ID,REV),
  KEY FK7990ABA22EA48532 (REV),
  CONSTRAINT FK7990ABA22EA48532 FOREIGN KEY (REV) REFERENCES TBL_AUDIT_REV_INFO (ID)
);

CREATE TABLE TBL_AA_DELEGATED_RESOURCES_AUD (
  RESOURCES_ID VARCHAR(255) NOT NULL,
  SUBJECT2DELEGATOR_PK VARCHAR(255) NOT NULL,
  REV INT(11) NOT NULL,
  REV_TYPE TINYINT(4) DEFAULT NULL,
  CREATE_ACCESS VARCHAR(255) DEFAULT NULL,
  CREATED_BY VARCHAR(255) DEFAULT NULL,
  CREATED_DT DATETIME DEFAULT NULL,
  DELETE_ACCESS VARCHAR(255) DEFAULT NULL,
  EFFECTIVE_DT DATE DEFAULT NULL,
  EXPIRY_DT DATE DEFAULT NULL,
  READ_ACCESS VARCHAR(255) DEFAULT NULL,
  UPDATE_ACCESS VARCHAR(255) DEFAULT NULL,
  UPDATED_BY VARCHAR(255) DEFAULT NULL,
  UPDATED_DT DATETIME DEFAULT NULL,
  VERSION INT(11) DEFAULT NULL,
  PRIMARY KEY (RESOURCES_ID,SUBJECT2DELEGATOR_PK,REV),
  KEY FK2ED9A2982EA48532 (REV),
  CONSTRAINT FK2ED9A2982EA48532 FOREIGN KEY (REV) REFERENCES TBL_AUDIT_REV_INFO (ID)
);

CREATE TABLE TBL_AA_GROUP_ADMIN_AUD (
  ADMIN_ID VARCHAR(255) NOT NULL,
  ADMIN_TYPE VARCHAR(255) NOT NULL,
  GROUP_ID VARCHAR(255) NOT NULL,
  REV INT(11) NOT NULL,
  REV_TYPE TINYINT(4) DEFAULT NULL,
  CREATED_BY VARCHAR(255) DEFAULT NULL,
  CREATED_DT DATETIME DEFAULT NULL,
  PRECEDENCE INT(11) DEFAULT NULL,
  UPDATED_BY VARCHAR(255) DEFAULT NULL,
  UPDATED_DT DATETIME DEFAULT NULL,
  VERSION INT(11) DEFAULT NULL,
  DELEGATOR_ID VARCHAR(255) DEFAULT NULL,
  PRIMARY KEY (ADMIN_ID,ADMIN_TYPE,GROUP_ID,REV),
  KEY FKD66567C22EA48532 (REV),
  CONSTRAINT FKD66567C22EA48532 FOREIGN KEY (REV) REFERENCES TBL_AUDIT_REV_INFO (ID)
);

CREATE TABLE TBL_AA_GROUP_AUD (
  GROUP_ID VARCHAR(255) NOT NULL,
  REV INT(11) NOT NULL,
  REV_TYPE TINYINT(4) DEFAULT NULL,
  CREATED_BY VARCHAR(255) DEFAULT NULL,
  CREATED_DT DATETIME DEFAULT NULL,
  GROUP_LABEL VARCHAR(255) DEFAULT NULL,
  GROUP_NAME VARCHAR(255) DEFAULT NULL,
  GROUP_TYPE VARCHAR(255) DEFAULT NULL,
  LEFT_INDEX INT(11) DEFAULT NULL,
  RIGHT_INDEX INT(11) DEFAULT NULL,
  UPDATED_BY VARCHAR(255) DEFAULT NULL,
  UPDATED_DT DATETIME DEFAULT NULL,
  VERSION INT(11) DEFAULT NULL,
  GROUP_PARENT_ID VARCHAR(255) DEFAULT NULL,
  PRIMARY KEY (GROUP_ID,REV),
  KEY FK7619B6522EA48532 (REV),
  CONSTRAINT FK7619B6522EA48532 FOREIGN KEY (REV) REFERENCES TBL_AUDIT_REV_INFO (ID)
);

CREATE TABLE TBL_AA_GROUP2RES_AUD (
  GROUP_ID VARCHAR(255) NOT NULL,
  RESOURCES_ID VARCHAR(255) NOT NULL,
  REV INT(11) NOT NULL,
  REV_TYPE TINYINT(4) DEFAULT NULL,
  CREATE_ACCESS VARCHAR(255) DEFAULT NULL,
  CREATED_BY VARCHAR(255) DEFAULT NULL,
  CREATED_DT DATETIME DEFAULT NULL,
  DELETE_ACCESS VARCHAR(255) DEFAULT NULL,
  EFFECTIVE_DT DATE DEFAULT NULL,
  EXPIRY_DT DATE DEFAULT NULL,
  READ_ACCESS VARCHAR(255) DEFAULT NULL,
  UPDATE_ACCESS VARCHAR(255) DEFAULT NULL,
  UPDATED_BY VARCHAR(255) DEFAULT NULL,
  UPDATED_DT DATETIME DEFAULT NULL,
  VERSION INT(11) DEFAULT NULL,
  PRIMARY KEY (GROUP_ID,RESOURCES_ID,REV),
  KEY FKF1394DE02EA48532 (REV),
  CONSTRAINT FKF1394DE02EA48532 FOREIGN KEY (REV) REFERENCES TBL_AUDIT_REV_INFO (ID)
);

CREATE TABLE TBL_AA_PUBLIC_REG_AUD (
  LOGIN_MECHANISM VARCHAR(255) NOT NULL,
  SUBJECT_ID VARCHAR(255) NOT NULL,
  REV INT(11) NOT NULL,
  REV_TYPE TINYINT(4) DEFAULT NULL,
  PUBLIC_ACTIVATION_KEY VARCHAR(255) DEFAULT NULL,
  REASON VARCHAR(255) DEFAULT NULL,
  UPDATED_DT DATETIME DEFAULT NULL,
  PRIMARY KEY (LOGIN_MECHANISM,SUBJECT_ID,REV),
  KEY FK59B6C80D2EA48532 (REV),
  CONSTRAINT FK59B6C80D2EA48532 FOREIGN KEY (REV) REFERENCES TBL_AUDIT_REV_INFO (ID)
);

CREATE TABLE TBL_AA_RES2RES_AUD (
  PARENT_RES_ID VARCHAR(255) NOT NULL,
  RESOURCES_ID VARCHAR(255) NOT NULL,
  REV INT(11) NOT NULL,
  REV_TYPE TINYINT(4) DEFAULT NULL,
  CREATE_ACCESS VARCHAR(255) DEFAULT NULL,
  CREATED_BY VARCHAR(255) DEFAULT NULL,
  CREATED_DT DATETIME DEFAULT NULL,
  DELETE_ACCESS VARCHAR(255) DEFAULT NULL,
  EFFECTIVE_DT DATETIME DEFAULT NULL,
  EXPIRY_DT DATETIME DEFAULT NULL,
  READ_ACCESS VARCHAR(255) DEFAULT NULL,
  UPDATE_ACCESS VARCHAR(255) DEFAULT NULL,
  UPDATED_BY VARCHAR(255) DEFAULT NULL,
  UPDATED_DT DATETIME DEFAULT NULL,
  VERSION INT(11) DEFAULT NULL,
  PRIMARY KEY (PARENT_RES_ID,RESOURCES_ID,REV),
  KEY FKB0579B812EA48532 (REV),
  CONSTRAINT FKB0579B812EA48532 FOREIGN KEY (REV) REFERENCES TBL_AUDIT_REV_INFO (ID)
);

CREATE TABLE TBL_AA_RESOURCES_AUD (
  RESOURCES_ID VARCHAR(255) NOT NULL,
  REV INT(11) NOT NULL,
  REV_TYPE TINYINT(4) DEFAULT NULL,
  BELONG_TO VARCHAR(255) DEFAULT NULL,
  CREATED_BY VARCHAR(255) DEFAULT NULL,
  CREATED_DT DATETIME DEFAULT NULL,
  EFFECTIVE_FROM DATE DEFAULT NULL,
  EFFECTIVE_TO DATE DEFAULT NULL,
  LOG_ENABLED INT(11) DEFAULT NULL,
  LOG_TRANSACTION INT(11) DEFAULT NULL,
  REQ_LOGIN_TYPE VARCHAR(255) DEFAULT NULL,
  RESOURCE_NAME VARCHAR(255) DEFAULT NULL,
  RESOURCE_PATH VARCHAR(255) DEFAULT NULL,
  RESOURCE_TYPE VARCHAR(255) DEFAULT NULL,
  UPDATED_BY VARCHAR(255) DEFAULT NULL,
  UPDATED_DT DATETIME DEFAULT NULL,
  VERSION INT(11) DEFAULT NULL,
  APP_ID VARCHAR(255) DEFAULT NULL,
  PRIMARY KEY (RESOURCES_ID,REV),
  KEY FK2EADA1F82EA48532 (REV),
  CONSTRAINT FK2EADA1F82EA48532 FOREIGN KEY (REV) REFERENCES TBL_AUDIT_REV_INFO (ID)
);

CREATE TABLE TBL_AA_SIGN_LOG_AUD (
  SIGN_LOG_ID VARCHAR(255) NOT NULL,
  REV INT(11) NOT NULL,
  REV_TYPE TINYINT(4) DEFAULT NULL,
  CREATED_BY VARCHAR(255) DEFAULT NULL,
  CREATED_DT DATETIME DEFAULT NULL,
  DETAILS LONGBLOB,
  IP_ADDRESS VARCHAR(255) DEFAULT NULL,
  REQUEST_URI VARCHAR(255) DEFAULT NULL,
  VALID CHAR(1) DEFAULT NULL,
  PRIMARY KEY (SIGN_LOG_ID,REV),
  KEY FK2A8DC5912EA48532 (REV),
  CONSTRAINT FK2A8DC5912EA48532 FOREIGN KEY (REV) REFERENCES TBL_AUDIT_REV_INFO (ID)
);

CREATE TABLE TBL_AA_SUBJECT_AUD (
  SUBJECT_ID VARCHAR(255) NOT NULL,
  REV INT(11) NOT NULL,
  REV_TYPE TINYINT(4) DEFAULT NULL,
  CREATED_BY VARCHAR(255) DEFAULT NULL,
  CREATED_DT DATETIME DEFAULT NULL,
  EFFECTIVE_DT DATE DEFAULT NULL,
  EMAIL VARCHAR(255) DEFAULT NULL,
  EXPIRY_DT DATE DEFAULT NULL,
  FIRST_NAME VARCHAR(255) DEFAULT NULL,
  LAST_LOGIN_DT DATETIME DEFAULT NULL,
  LAST_LOGIN_IP VARCHAR(255) DEFAULT NULL,
  LAST_NAME VARCHAR(255) DEFAULT NULL,
  LOGICAL_DEL INT(11) DEFAULT NULL,
  PHONE_NUM VARCHAR(255) DEFAULT NULL,
  STATUS VARCHAR(255) DEFAULT NULL,
  UPDATED_BY VARCHAR(255) DEFAULT NULL,
  UPDATED_DT DATETIME DEFAULT NULL,
  VERSION INT(11) DEFAULT NULL,
  PRIMARY KEY (SUBJECT_ID,REV),
  KEY FKBB5799FF2EA48532 (REV),
  CONSTRAINT FKBB5799FF2EA48532 FOREIGN KEY (REV) REFERENCES TBL_AUDIT_REV_INFO (ID)
);

CREATE TABLE TBL_AA_SUBJECT_LOGIN_AUD (
  LOGIN_MECHANISM VARCHAR(255) NOT NULL,
  SUBJECT_ID VARCHAR(255) NOT NULL,
  REV INT(11) NOT NULL,
  REV_TYPE TINYINT(4) DEFAULT NULL,
  ATTEMPTS_MADE INT(11) DEFAULT NULL,
  CREATED_BY VARCHAR(255) DEFAULT NULL,
  CREATED_DT DATETIME DEFAULT NULL,
  LOGIN_NAME VARCHAR(255) DEFAULT NULL,
  PASSWORD VARCHAR(255) DEFAULT NULL,
  PASSWORD_CHANGED_DATE DATETIME DEFAULT NULL,
  RECALL_ANS VARCHAR(255) DEFAULT NULL,
  RECALL_QUESTION VARCHAR(255) DEFAULT NULL,
  UPDATED_BY VARCHAR(255) DEFAULT NULL,
  UPDATED_DT DATETIME DEFAULT NULL,
  VERSION INT(11) DEFAULT NULL,
  PRIMARY KEY (LOGIN_MECHANISM,SUBJECT_ID,REV),
  KEY FKF83B64C92EA48532 (REV),
  CONSTRAINT FKF83B64C92EA48532 FOREIGN KEY (REV) REFERENCES TBL_AUDIT_REV_INFO (ID)
);

CREATE TABLE TBL_AA_SUBJECT2DELEGATOR_AUD (
  SUBJECT2DELEGATOR_PK VARCHAR(255) NOT NULL,
  REV INT(11) NOT NULL,
  REV_TYPE TINYINT(4) DEFAULT NULL,
  CREATED_BY VARCHAR(255) DEFAULT NULL,
  CREATED_DT DATETIME DEFAULT NULL,
  VERSION INT(11) DEFAULT NULL,
  DELEGATOR_ID VARCHAR(255) DEFAULT NULL,
  SUBJECT_ID VARCHAR(255) DEFAULT NULL,
  PRIMARY KEY (SUBJECT2DELEGATOR_PK,REV),
  KEY FK3ACEF4B02EA48532 (REV),
  CONSTRAINT FK3ACEF4B02EA48532 FOREIGN KEY (REV) REFERENCES TBL_AUDIT_REV_INFO (ID)
);

CREATE TABLE TBL_AA_SUBJECT2GROUP_AUD (
  GROUP_ID VARCHAR(255) NOT NULL,
  SUBJECT_ID VARCHAR(255) NOT NULL,
  REV INT(11) NOT NULL,
  REV_TYPE TINYINT(4) DEFAULT NULL,
  CREATED_BY VARCHAR(255) DEFAULT NULL,
  CREATED_DT DATETIME DEFAULT NULL,
  UPDATED_BY VARCHAR(255) DEFAULT NULL,
  UPDATED_DT DATETIME DEFAULT NULL,
  VERSION INT(11) DEFAULT NULL,
  PRIMARY KEY (GROUP_ID,SUBJECT_ID,REV),
  KEY FK15680E6C2EA48532 (REV),
  CONSTRAINT FK15680E6C2EA48532 FOREIGN KEY (REV) REFERENCES TBL_AUDIT_REV_INFO (ID)
);

CREATE TABLE TBL_AA_SUBJECT2RES_AUD (
  RESOURCES_ID VARCHAR(255) NOT NULL,
  SUBJECT_ID VARCHAR(255) NOT NULL,
  REV INT(11) NOT NULL,
  REV_TYPE TINYINT(4) DEFAULT NULL,
  CREATE_ACCESS VARCHAR(255) DEFAULT NULL,
  CREATED_BY VARCHAR(255) DEFAULT NULL,
  CREATED_DT DATETIME DEFAULT NULL,
  DELETE_ACCESS VARCHAR(255) DEFAULT NULL,
  EFFECTIVE_DT DATE DEFAULT NULL,
  EXPIRY_DT DATE DEFAULT NULL,
  READ_ACCESS VARCHAR(255) DEFAULT NULL,
  UPDATE_ACCESS VARCHAR(255) DEFAULT NULL,
  UPDATED_BY VARCHAR(255) DEFAULT NULL,
  UPDATED_DT DATETIME DEFAULT NULL,
  VERSION INT(11) DEFAULT NULL,
  PRIMARY KEY (RESOURCES_ID,SUBJECT_ID,REV),
  KEY FKD853930D2EA48532 (REV),
  CONSTRAINT FKD853930D2EA48532 FOREIGN KEY (REV) REFERENCES TBL_AUDIT_REV_INFO (ID)
);

-- DDL --

insert into TBL_AA_APP values('IConnect','IConnect','IConnect','IConnect',now(),'SYSTEM',now(),'SYSTEM',0);

-- TBL_AA_SUBJECT Data

insert into TBL_AA_SUBJECT values('DEF-user-appadmin','Application','Admin','appadmin@ncs.com.sg',null,null,null,'A',0,null,null,now(),'SYSTEM',now(),'SYSTEM',1);
insert into TBL_AA_SUBJECT values('DEF-user-configadmin','Config','Admin','configadmin@ncs.com.sg',null,null,null,'A',0,null,null,now(),'SYSTEM',now(),'SYSTEM',1);
insert into TBL_AA_SUBJECT values('DEF-user-groupadmin','Group','Admin','appadmin@ncs.com.sg',null,null,null,'A',0,null,null,now(),'SYSTEM',now(),'SYSTEM',1);
insert into TBL_AA_SUBJECT values('DEF-user-roleadmin','Role','Admin','roleadmin@ncs.com.sg',null,null,null,'A',0,null,null,now(),'SYSTEM',now(),'SYSTEM',1);
insert into TBL_AA_SUBJECT values('DEF-user-useradmin','User','Admin','useradmin@ncs.com.sg',null,null,null,'A',0,null,null,now(),'SYSTEM',now(),'SYSTEM',1);

insert into TBL_AA_SUBJECT_LOGIN values('DEF-user-appadmin','PASSWORD','appadmin','vFR3ULknl/lVs2ESzJvdXN330IYhUdA6FnraiZWqJKmtJGELNqaLwC2iQUHuUWcK6hPtZGkJmkRT8zXLI5212g==',null,null,null,0,null,'SYSTEM',null,'SYSTEM',1);
insert into TBL_AA_SUBJECT_LOGIN values('DEF-user-configadmin','PASSWORD','configadmin','vFR3ULknl/lVs2ESzJvdXN330IYhUdA6FnraiZWqJKmtJGELNqaLwC2iQUHuUWcK6hPtZGkJmkRT8zXLI5212g==',null,null,null,0,null,'SYSTEM',null,'SYSTEM',1);
insert into TBL_AA_SUBJECT_LOGIN values('DEF-user-groupadmin','PASSWORD','groupadmin','vFR3ULknl/lVs2ESzJvdXN330IYhUdA6FnraiZWqJKmtJGELNqaLwC2iQUHuUWcK6hPtZGkJmkRT8zXLI5212g==',null,null,null,0,null,'SYSTEM',null,'SYSTEM',1);
insert into TBL_AA_SUBJECT_LOGIN values('DEF-user-roleadmin','PASSWORD','roleadmin','vFR3ULknl/lVs2ESzJvdXN330IYhUdA6FnraiZWqJKmtJGELNqaLwC2iQUHuUWcK6hPtZGkJmkRT8zXLI5212g==',null,null,null,0,null,'SYSTEM',null,'SYSTEM',1);
insert into TBL_AA_SUBJECT_LOGIN values('DEF-user-useradmin','PASSWORD','useradmin','vFR3ULknl/lVs2ESzJvdXN330IYhUdA6FnraiZWqJKmtJGELNqaLwC2iQUHuUWcK6hPtZGkJmkRT8zXLI5212g==',null,null,null,0,null,'SYSTEM',null,'SYSTEM',1);

insert into TBL_AA_GROUP values ('REQ-group-universal','UNIVERSAL_GROUP',NULL,NULL,NULL,1,12,now(),'SYSTEM',now(),'SYSTEM',1);
insert into TBL_AA_GROUP values ('REQ-group-internet','INTERNET_GROUP',NULL,'REQ-group-universal',NULL,2,3,now(),'SYSTEM',now(),'SYSTEM',1);
insert into TBL_AA_GROUP values ('REQ-group-extranet','EXTRANET_GROUP',NULL,'REQ-group-universal',NULL,4,5,now(),'SYSTEM',now(),'SYSTEM',1);
insert into TBL_AA_GROUP values ('REQ-group-intranet','INTRANET_GROUP',NULL,'REQ-group-universal',NULL,6,11,now(),'SYSTEM',now(),'SYSTEM',1);
insert into TBL_AA_GROUP values ('DEF-group-organization','ORGANIZATION_GROUP',NULL,'REQ-group-intranet',NULL,7,10,now(),'SYSTEM',now(),'SYSTEM',1);
insert into TBL_AA_GROUP values ('DEF-group-groupA','GROUP A','','DEF-group-organization',NULL,8,9,now(),'SYSTEM',now(),'SYSTEM',1);


insert into TBL_AA_GROUP_ADMIN values('REQ-group-universal','S','DEF-user-appadmin',null,null,now(),'SYSTEM',now(),'SYSTEM',1);
insert into TBL_AA_GROUP_ADMIN values('REQ-group-universal','S','DEF-user-configadmin',null,null,now(),'SYSTEM',now(),'SYSTEM',1);
insert into TBL_AA_GROUP_ADMIN values('REQ-group-universal','S','DEF-user-groupadmin',null,null,now(),'SYSTEM',now(),'SYSTEM',1);
insert into TBL_AA_GROUP_ADMIN values('REQ-group-universal','S','DEF-user-roleadmin',null,null,now(),'SYSTEM',now(),'SYSTEM',1);
insert into TBL_AA_GROUP_ADMIN values('REQ-group-universal','S','DEF-user-useradmin',null,null,now(),'SYSTEM',now(),'SYSTEM',1);

-- TBL_AA_RESOURCES Data

    -- Logic Role
    insert into TBL_AA_RESOURCES values('DEF-role-appadmin','IConnect','Application Admin Role','-','LOG_ROLE','1','REQ-group-universal',0,0,null,null,now(),'SYSTEM',now(),'SYSTEM',0);
    insert into TBL_AA_RESOURCES values('DEF-role-configadmin','IConnect','Config Admin Role','-','LOG_ROLE','1','REQ-group-universal',0,0,null,null,now(),'SYSTEM',now(),'SYSTEM',0);
    insert into TBL_AA_RESOURCES values('DEF-role-groupadmin','IConnect','Group Admin Role','-','LOG_ROLE','1','REQ-group-universal',0,0,null,null,now(),'SYSTEM',now(),'SYSTEM',0);
    insert into TBL_AA_RESOURCES values('DEF-role-roleadmin','IConnect','Role Admin Role','-','LOG_ROLE','1','REQ-group-universal',0,0,null,null,now(),'SYSTEM',now(),'SYSTEM',0);
    insert into TBL_AA_RESOURCES values('DEF-role-useradmin','IConnect','User Admin Role','-','LOG_ROLE','1','REQ-group-universal',0,0,null,null,now(),'SYSTEM',now(),'SYSTEM',0);
    insert into TBL_AA_RESOURCES values('DEF-role-internetuser','IConnect','Internet User Role','-','LOG_ROLE','1','REQ-group-universal',0,0,null,null,now(),'SYSTEM',now(),'SYSTEM',0);
    insert into TBL_AA_RESOURCES values('DEF-role-intranetuser','IConnect','Intranet User Role','-','LOG_ROLE','1','REQ-group-universal',0,0,null,null,now(),'SYSTEM',now(),'SYSTEM',0);
    insert into TBL_AA_RESOURCES values('DEF-role-partner1','IConnect','Extranet Partner1 Role','-','LOG_ROLE','1','REQ-group-universal',0,0,null,null,now(),'SYSTEM',now(),'SYSTEM',0);
    insert into TBL_AA_RESOURCES values('DEF-role-partner2','IConnect','Extranet Partner2 Role','-','LOG_ROLE','1','REQ-group-universal',0,0,null,null,now(),'SYSTEM',now(),'SYSTEM',0);

    -- Functions 

    insert into TBL_AA_RESOURCES values('DEF-func-acm-function','IConnect','FUNCTION-Maintian Function','-','FUNCTION','1','REQ-group-universal',0,0,null,null,now(),'SYSTEM',now(),'SYSTEM',0);
    insert into TBL_AA_RESOURCES values('DEF-func-acm-role','IConnect','FUNCTION-Maintian Role','-','FUNCTION','1','REQ-group-universal',0,0,null,null,now(),'SYSTEM',now(),'SYSTEM',0);
    insert into TBL_AA_RESOURCES values('DEF-func-acm-group','IConnect','FUNCTION-Maintian Group','-','FUNCTION','1','REQ-group-universal',0,0,null,null,now(),'SYSTEM',now(),'SYSTEM',0);
    insert into TBL_AA_RESOURCES values('DEF-func-acm-user','IConnect','FUNCTION-Maintian User','-','FUNCTION','1','REQ-group-universal',0,0,null,null,now(),'SYSTEM',now(),'SYSTEM',0);
    insert into TBL_AA_RESOURCES values('DEF-func-acm-delegate','IConnect','FUNCTION-Delegate Duties','-','FUNCTION','1','REQ-group-universal',0,0,null,null,now(),'SYSTEM',now(),'SYSTEM',0);
    insert into TBL_AA_RESOURCES values('DEF-func-acm-application','IConnect','FUNCTION-Maintain Application','-','FUNCTION','1','REQ-group-universal',0,0,null,null,now(),'SYSTEM',now(),'SYSTEM',0);
    insert into TBL_AA_RESOURCES values('DEF-func-acm-loginlog','IConnect','FUNCTION-View Login Log','-','FUNCTION','1','REQ-group-universal',0,0,null,null,now(),'SYSTEM',now(),'SYSTEM',0);
    insert into TBL_AA_RESOURCES values('DEF-func-acm-report','IConnect','FUNCTION-ACM Report','-','FUNCTION','1','REQ-group-universal',0,0,null,null,now(),'SYSTEM',now(),'SYSTEM',0);

    -- Resources 

    insert into TBL_AA_RESOURCES values('DEF-res-acm-loginlog','IConnect','ACM-RESOURCES-Login Log','/view/loginlog/','URI','1','REQ-group-universal',0,0,null,null,now(),'SYSTEM',now(),'SYSTEM',0);
    insert into TBL_AA_RESOURCES values('DEF-res-acm-report','IConnect','ACM-RESOURCES-Report','/view/report/','URI','1','REQ-group-universal',0,0,null,null,now(),'SYSTEM',now(),'SYSTEM',0);
    insert into TBL_AA_RESOURCES values('DEF-res-acm-application','IConnect','ACM-RESOURCES-Application','/view/app/','URI','1','REQ-group-universal',0,0,null,null,now(),'SYSTEM',now(),'SYSTEM',0);
    insert into TBL_AA_RESOURCES values('DEF-res-acm-delegate','IConnect','ACM-RESOURCES-Delegate','/view/user/userDelegation','URI','1','REQ-group-universal',0,0,null,null,now(),'SYSTEM',now(),'SYSTEM',0);
    insert into TBL_AA_RESOURCES values('DEF-res-acm-user','IConnect','ACM-RESOURCES-User','/view/user/','URI','1','REQ-group-universal',0,0,null,null,now(),'SYSTEM',now(),'SYSTEM',0);
    insert into TBL_AA_RESOURCES values('DEF-res-acm-group','IConnect','ACM-RESOURCES-Group','/view/ga/','URI','1','REQ-group-universal',0,0,null,null,now(),'SYSTEM',now(),'SYSTEM',0);
    insert into TBL_AA_RESOURCES values('DEF-res-acm-role','IConnect','ACM-RESOURCES-Role','/view/role/','URI','1','REQ-group-universal',0,0,null,null,now(),'SYSTEM',now(),'SYSTEM',0);
    insert into TBL_AA_RESOURCES values('DEF-res-acm-function','IConnect','ACM-RESOURCES-Function','/view/func/','URI','1','REQ-group-universal',0,0,null,null,now(),'SYSTEM',now(),'SYSTEM',0);


   -- Relationship

    -- Subject 2 Group
    insert into TBL_AA_SUBJECT2GROUP values('DEF-user-appadmin','REQ-group-universal','NA',now(),'SYSTEM',now(),'SYSTEM',1);
    insert into TBL_AA_SUBJECT2GROUP values('DEF-user-configadmin','REQ-group-universal','NA',now(),'SYSTEM',now(),'SYSTEM',1);
    insert into TBL_AA_SUBJECT2GROUP values('DEF-user-groupadmin','REQ-group-universal','NA',now(),'SYSTEM',now(),'SYSTEM',1);
    insert into TBL_AA_SUBJECT2GROUP values('DEF-user-roleadmin','REQ-group-universal','NA',now(),'SYSTEM',now(),'SYSTEM',1);
    insert into TBL_AA_SUBJECT2GROUP values('DEF-user-useradmin','REQ-group-universal','NA',now(),'SYSTEM',now(),'SYSTEM',1);

    -- Subject 2 Res
    insert into TBL_AA_SUBJECT2RES values('DEF-user-appadmin','DEF-role-appadmin','1','1','1','1',null,null,now(),'SYSTEM',now(),'SYSTEM',1,'REQ-group-universal');
    insert into TBL_AA_SUBJECT2RES values('DEF-user-configadmin','DEF-role-configadmin','1','1','1','1',null,null,now(),'SYSTEM',now(),'SYSTEM',1,'REQ-group-universal');
    insert into TBL_AA_SUBJECT2RES values('DEF-user-groupadmin','DEF-role-groupadmin','1','1','1','1',null,null,now(),'SYSTEM',now(),'SYSTEM',1,'REQ-group-universal');
    insert into TBL_AA_SUBJECT2RES values('DEF-user-roleadmin','DEF-role-roleadmin','1','1','1','1',null,null,now(),'SYSTEM',now(),'SYSTEM',1,'REQ-group-universal');
    insert into TBL_AA_SUBJECT2RES values('DEF-user-useradmin','DEF-role-useradmin','1','1','1','1',null,null,now(),'SYSTEM',now(),'SYSTEM',1,'REQ-group-universal');
    

    -- Res 2 Func
    insert into TBL_AA_RES2RES values('DEF-res-acm-loginlog','DEF-func-acm-report','1','1','1','1',null,null,now(),'SYSTEM',now(),'SYSTEM',1,'REQ-group-universal');
    insert into TBL_AA_RES2RES values('DEF-res-acm-report','DEF-func-acm-loginlog','1','1','1','1',null,null,now(),'SYSTEM',now(),'SYSTEM',1,'REQ-group-universal');
    insert into TBL_AA_RES2RES values('DEF-res-acm-application','DEF-func-acm-application','1','1','1','1',null,null,now(),'SYSTEM',now(),'SYSTEM',1,'REQ-group-universal');
    insert into TBL_AA_RES2RES values('DEF-res-acm-delegate','DEF-func-acm-delegate','1','1','1','1',null,null,now(),'SYSTEM',now(),'SYSTEM',1,'REQ-group-universal');
    insert into TBL_AA_RES2RES values('DEF-res-acm-user','DEF-func-acm-user','1','1','1','1',null,null,now(),'SYSTEM',now(),'SYSTEM',1,'REQ-group-universal');
    insert into TBL_AA_RES2RES values('DEF-res-acm-group','DEF-func-acm-group','1','1','1','1',null,null,now(),'SYSTEM',now(),'SYSTEM',1,'REQ-group-universal');
    insert into TBL_AA_RES2RES values('DEF-res-acm-role','DEF-func-acm-role','1','1','1','1',null,null,now(),'SYSTEM',now(),'SYSTEM',1,'REQ-group-universal');
    insert into TBL_AA_RES2RES values('DEF-res-acm-function','DEF-func-acm-function','1','1','1','1',null,null,now(),'SYSTEM',now(),'SYSTEM',1,'REQ-group-universal');

    -- Func 2 Role

    insert into TBL_AA_RES2RES values('DEF-func-acm-report','DEF-role-appadmin','1','1','1','1',null,null,now(),'SYSTEM',now(),'SYSTEM',1,'REQ-group-universal');
    insert into TBL_AA_RES2RES values('DEF-func-acm-loginlog','DEF-role-appadmin','1','1','1','1',null,null,now(),'SYSTEM',now(),'SYSTEM',1,'REQ-group-universal');
    insert into TBL_AA_RES2RES values('DEF-func-acm-application','DEF-role-appadmin','1','1','1','1',null,null,now(),'SYSTEM',now(),'SYSTEM',1,'REQ-group-universal');
    insert into TBL_AA_RES2RES values('DEF-func-acm-delegate','DEF-role-appadmin','1','1','1','1',null,null,now(),'SYSTEM',now(),'SYSTEM',1,'REQ-group-universal');
    insert into TBL_AA_RES2RES values('DEF-func-acm-user','DEF-role-appadmin','1','1','1','1',null,null,now(),'SYSTEM',now(),'SYSTEM',1,'REQ-group-universal');
    insert into TBL_AA_RES2RES values('DEF-func-acm-group','DEF-role-appadmin','1','1','1','1',null,null,now(),'SYSTEM',now(),'SYSTEM',1,'REQ-group-universal');
    insert into TBL_AA_RES2RES values('DEF-func-acm-role','DEF-role-appadmin','1','1','1','1',null,null,now(),'SYSTEM',now(),'SYSTEM',1,'REQ-group-universal');
    insert into TBL_AA_RES2RES values('DEF-func-acm-function','DEF-role-appadmin','1','1','1','1',null,null,now(),'SYSTEM',now(),'SYSTEM',1,'REQ-group-universal');

    insert into TBL_AA_RES2RES values('DEF-func-acm-delegate','DEF-role-roleadmin','1','1','1','1',null,null,now(),'SYSTEM',now(),'SYSTEM',1,'REQ-group-universal');
    insert into TBL_AA_RES2RES values('DEF-func-acm-role','DEF-role-roleadmin','1','1','1','1',null,null,now(),'SYSTEM',now(),'SYSTEM',1,'REQ-group-universal');
    insert into TBL_AA_RES2RES values('DEF-func-acm-function','DEF-role-roleadmin','1','1','1','1',null,null,now(),'SYSTEM',now(),'SYSTEM',1,'REQ-group-universal');

  
    insert into TBL_AA_RES2RES values('DEF-func-acm-loginlog','DEF-role-useradmin','1','1','1','1',null,null,now(),'SYSTEM',now(),'SYSTEM',1,'REQ-group-universal');
    insert into TBL_AA_RES2RES values('DEF-func-acm-delegate','DEF-role-useradmin','1','1','1','1',null,null,now(),'SYSTEM',now(),'SYSTEM',1,'REQ-group-universal');
    insert into TBL_AA_RES2RES values('DEF-func-acm-user','DEF-role-useradmin','1','1','1','1',null,null,now(),'SYSTEM',now(),'SYSTEM',1,'REQ-group-universal');

    insert into TBL_AA_RES2RES values('DEF-func-acm-delegate','DEF-role-groupadmin','1','1','1','1',null,null,now(),'SYSTEM',now(),'SYSTEM',1,'REQ-group-universal');
    insert into TBL_AA_RES2RES values('DEF-func-acm-group','DEF-role-groupadmin','1','1','1','1',null,null,now(),'SYSTEM',now(),'SYSTEM',1,'REQ-group-universal');

    insert into TBL_AA_RES2RES values('DEF-func-acm-report','DEF-role-configadmin','1','1','1','1',null,null,now(),'SYSTEM',now(),'SYSTEM',1,'REQ-group-universal');
    insert into TBL_AA_RES2RES values('DEF-func-acm-loginlog','DEF-role-configadmin','1','1','1','1',null,null,now(),'SYSTEM',now(),'SYSTEM',1,'REQ-group-universal');
    insert into TBL_AA_RES2RES values('DEF-func-acm-application','DEF-role-configadmin','1','1','1','1',null,null,now(),'SYSTEM',now(),'SYSTEM',1,'REQ-group-universal');
    insert into TBL_AA_RES2RES values('DEF-func-acm-delegate','DEF-role-configadmin','1','1','1','1',null,null,now(),'SYSTEM',now(),'SYSTEM',1,'REQ-group-universal');


