drop schema if exists ryanlimwr;

create schema ryanlimwr default character set utf8;
use ryanlimwr;

drop table if exists tbl_itrust_aud;
drop table if exists tbl_departments_aud;
drop table if exists tbl_departments;
drop table if exists tbl_staff_aud;
drop table if exists tbl_staff;
DROP TABLE IF EXISTS TBL_CODE_INT;
DROP TABLE IF EXISTS TBL_CODETYPE;
DROP TABLE IF EXISTS tbl_menu_repository;
DROP TABLE IF EXISTS tbl_menu_item;
DROP TABLE IF EXISTS TBL_LOG_DELTA;
DROP TABLE IF EXISTS TBL_EMAIL_LOG;
DROP TABLE IF EXISTS TBL_CODE_INT_AUD;
DROP TABLE IF EXISTS TBL_CODETYPE_AUD;
DROP TABLE IF EXISTS TBL_AUDIT_REV_INFO_ASS;
DROP TABLE IF EXISTS TBL_AUDIT_REV_INFO;
DROP TABLE IF EXISTS TBL_AA_DELEGATED_RESOURCES;
DROP TABLE IF EXISTS TBL_AA_SUBJECT2DELEGATOR;
DROP TABLE IF EXISTS TBL_AA_GROUP_ADMIN;
DROP TABLE IF EXISTS TBL_AA_USER_SESSION_INFO;
DROP TABLE IF EXISTS TBL_AA_SUBJECT2GROUP;
DROP TABLE IF EXISTS TBL_AA_SUBJECT2RES;
DROP TABLE IF EXISTS TBL_AA_GROUP2RES;
DROP TABLE IF EXISTS TBL_AA_AUTH2GROUP;
DROP TABLE IF EXISTS TBL_AA_AUTHORITY;
DROP TABLE IF EXISTS TBL_AA_RES2RES;
DROP TABLE IF EXISTS TBL_AA_RESOURCES;
DROP TABLE IF EXISTS TBL_AA_GROUP;
DROP TABLE IF EXISTS TBL_AA_SUBJECT_LOGIN;
DROP TABLE IF EXISTS TBL_AA_SUBJECT_PWD_HISTORY;
DROP TABLE IF EXISTS TBL_AA_PUBLIC_REG;
DROP TABLE IF EXISTS TBL_AA_SUBJECT ;
DROP TABLE IF EXISTS TBL_AA_APP_PARAM;
DROP TABLE IF EXISTS TBL_AA_APP;
DROP TABLE IF EXISTS TBL_AA_LOGIN_LOG;
DROP TABLE IF EXISTS TBL_AA_VIOLATION_LOG;
DROP TABLE IF EXISTS TBL_AA_SIGN_LOG;
DROP TABLE IF EXISTS TBL_AA_APP_AUD;
DROP TABLE IF EXISTS TBL_AA_APP_PARAM_AUD;
DROP TABLE IF EXISTS TBL_AA_DELEGATED_RESOURCES_AUD;
DROP TABLE IF EXISTS TBL_AA_GROUP2RES_AUD;
DROP TABLE IF EXISTS TBL_AA_GROUP_ADMIN_AUD;
DROP TABLE IF EXISTS TBL_AA_GROUP_AUD;
DROP TABLE IF EXISTS TBL_AA_PUBLIC_REG_AUD;
DROP TABLE IF EXISTS TBL_AA_RES2RES_AUD;
DROP TABLE IF EXISTS TBL_AA_RESOURCES_AUD;
DROP TABLE IF EXISTS TBL_AA_SIGN_LOG_AUD;
DROP TABLE IF EXISTS TBL_AA_SUBJECT2DELEGATOR_AUD;
DROP TABLE IF EXISTS TBL_AA_SUBJECT2GROUP_AUD;
DROP TABLE IF EXISTS TBL_AA_SUBJECT2RES_AUD;
DROP TABLE IF EXISTS TBL_AA_SUBJECT_AUD;
DROP TABLE IF EXISTS TBL_AA_SUBJECT_LOGIN_AUD;

CREATE TABLE TBL_CODETYPE (
  CODETYPE_ID varchar(20) NOT NULL,
  CODETYPE_DESC varchar(66) DEFAULT NULL,
  CODETYPE_TABLE varchar(66) DEFAULT NULL,
  READ_ONLY char(1) DEFAULT NULL,
  COL_CODETYPE_ID varchar(66) DEFAULT NULL,
  COL_CODE_ID varchar(66) DEFAULT NULL,
  COL_CODE_DESC varchar(66) DEFAULT NULL,
  COL_CODE_SEQ varchar(66) DEFAULT NULL,
  COL_STATUS varchar(66) DEFAULT NULL,
  COL_EFFECTIVE_DT varchar(66) DEFAULT NULL,
  COL_EXPIRY_DT varchar(66) DEFAULT NULL,
  EDIT_URL varchar(120) DEFAULT NULL,
  ADD_URL varchar(120) DEFAULT NULL,
  OWNER_GROUP varchar(200) DEFAULT NULL,
  UPDATED_BY varchar(32) DEFAULT NULL,
  UPDATED_DT datetime DEFAULT NULL,
  COL_CODE_LOCALE varchar(20) DEFAULT NULL,
  PRIMARY KEY (CODETYPE_ID)
);

CREATE TABLE TBL_CODE_INT (
  CODETYPE_ID varchar(20) NOT NULL,
  CODE_ID varchar(20) NOT NULL,
  PARENT_CODETYPE_ID varchar(20) DEFAULT NULL,
  PARENT_CODE_ID varchar(20) DEFAULT NULL,
  CODE_DESC varchar(66) DEFAULT NULL,
  CODE_SEQ INTEGER DEFAULT NULL,
  STATUS char(1) NOT NULL,
  EFFECTIVE_DT date DEFAULT NULL,
  EXPIRY_DT date DEFAULT NULL,
  UPDATED_BY varchar(32) DEFAULT NULL,
  UPDATED_DT datetime DEFAULT NULL,
  LOCALE varchar(2) NOT NULL,
  PRIMARY KEY (CODETYPE_ID,CODE_ID,LOCALE),
  FOREIGN KEY (CODETYPE_ID) REFERENCES TBL_CODETYPE(CODETYPE_ID)
);

CREATE TABLE TBL_MENU_ITEM (
  REPOSITORY_ID varchar(32) NOT NULL,
  ITEM_ID varchar(32) NOT NULL,
  PARENT_ITEM_ID varchar(32) DEFAULT NULL,
  ITEM_SEQ INTEGER DEFAULT NULL,
  NAME varchar(120) NOT NULL,
  TITLE varchar(120) DEFAULT NULL,
  LOCATION varchar(120) DEFAULT NULL,
  TARGET varchar(120) DEFAULT NULL,
  DESCRIPTION varchar(120) DEFAULT NULL,
  ON_CLICK varchar(120) DEFAULT NULL,
  ON_MOUSE_OVER varchar(120) DEFAULT NULL,
  ON_MOUSE_OUT varchar(120) DEFAULT NULL,
  IMAGE varchar(120) DEFAULT NULL,
  ALT_IMAGE varchar(120) DEFAULT NULL,
  TOOL_TIP varchar(120) DEFAULT NULL,
  ROLES varchar(120) DEFAULT NULL,
  PAGE varchar(120) DEFAULT NULL,
  CATEGORY varchar(120) DEFAULT NULL,
  VERSION INTEGER DEFAULT NULL,
  ICON_CSS varchar(255) DEFAULT NULL,
  USE_AJAX varchar(5) DEFAULT NULL,
  PRIMARY KEY (REPOSITORY_ID,NAME)
);

CREATE TABLE TBL_MENU_REPOSITORY (
  REPOSITORY_ID varchar(32) NOT NULL,
  REPOSITORY_DESC varchar(50) DEFAULT NULL,
  PRIMARY KEY (REPOSITORY_ID)
);

CREATE TABLE TBL_EMAIL_LOG (
  MAIL_LOG_ID VARCHAR(32) NOT NULL,
  BATCH_NAME  VARCHAR(32),
  EMAIL_FROM_NAME VARCHAR(100) NULL,
  EMAIL_FROM_ADDR VARCHAR(100) NULL,
  EMAIL_TO_NAME  VARCHAR(1000) NULL,
  EMAIL_TO_ADDR VARCHAR(1000) NULL,
  EMAIL_SUBJECT VARCHAR(255) NULL,
  EMAIL_CONTENT BLOB DEFAULT NULL,
  CREATED_BY VARCHAR(32) NOT NULL,
  CREATED_DT DATETIME NOT NULL,
  STATUS VARCHAR(10) NOT NULL,
  ERROR_MESSAGE BLOB DEFAULT NULL,
  VERSION INTEGER NOT NULL,
  PRIMARY KEY (MAIL_LOG_ID)
);

CREATE TABLE TBL_LOG_DELTA (
    DELTA_ID                       VARCHAR(32)      NOT NULL,
    TRANSACTION_ID                 VARCHAR(32)      NOT NULL,
    TRANSACTION_TYPE               VARCHAR(32)      NOT NULL,
    TABLE_NAME                     VARCHAR(32)      NOT NULL,
    PRIMARY_KEY                    VARCHAR(255)     NOT NULL,
    CREATED_BY                     VARCHAR(32)      NOT NULL,
    CREATED_DATE                   DATETIME         NOT NULL,
    TRANSACTION_DETAILS            BLOB             NOT NULL,
    LOG_ACTION                     VARCHAR(255)     NOT NULL
);

ALTER TABLE TBL_LOG_DELTA ADD CONSTRAINT
    PK_TBL_LOG_DELTA               PRIMARY KEY (DELTA_ID, TRANSACTION_ID);

CREATE TABLE TBL_AUDIT_REV_INFO (
  ID int(11) NOT NULL AUTO_INCREMENT,
  FUNC varchar(255) DEFAULT NULL,
  FUNC_NAME varchar(255) DEFAULT NULL,
  TIMESTAMP bigint(20) DEFAULT NULL,
  USER_ID varchar(255) DEFAULT NULL,
  PRIMARY KEY (ID)
);

CREATE TABLE TBL_AUDIT_REV_INFO_ASS (
  ID bigint(20) NOT NULL AUTO_INCREMENT,
  BUSINESS_KEY varchar(255) DEFAULT NULL,
  ENTITY_ID blob,
  ENTITY_NAME varchar(255) DEFAULT NULL,
  TABLE_NAME varchar(255) DEFAULT NULL,
  REV_ID int(11) DEFAULT NULL,
  REV_TYPE varchar(255) DEFAULT NULL,
  PRIMARY KEY (ID),
  FOREIGN KEY (REV_ID) REFERENCES TBL_AUDIT_REV_INFO(ID)
);

CREATE TABLE TBL_CODE_INT_AUD (
  CODE_ID varchar(255) NOT NULL,
  CODETYPE_ID varchar(255) NOT NULL,
  LOCALE varchar(255) NOT NULL,
  REV int(11) NOT NULL,
  REV_TYPE tinyint(4) DEFAULT NULL,
  CODE_DESC varchar(255) DEFAULT NULL,
  CODE_SEQ int(11) DEFAULT NULL,
  EFFECTIVE_DT datetime DEFAULT NULL,
  EXPIRY_DT datetime DEFAULT NULL,
  PARENT_CODE_ID varchar(255) DEFAULT NULL,
  PARENT_CODETYPE_ID varchar(255) DEFAULT NULL,
  STATUS varchar(255) DEFAULT NULL,
  UPDATED_BY varchar(255) DEFAULT NULL,
  UPDATED_DT datetime DEFAULT NULL,
  PRIMARY KEY (CODE_ID,CODETYPE_ID,LOCALE,REV),
  FOREIGN KEY (REV) REFERENCES TBL_AUDIT_REV_INFO(ID)
);

CREATE TABLE TBL_CODETYPE_AUD (
  CODETYPE_ID varchar(255) NOT NULL,
  REV int(11) NOT NULL,
  REV_TYPE tinyint(4) DEFAULT NULL,
  ADD_URL varchar(255) DEFAULT NULL,
  CODETYPE_DESC varchar(255) DEFAULT NULL,
  CODETYPE_TABLE varchar(255) DEFAULT NULL,
  COL_CODE_DESC varchar(255) DEFAULT NULL,
  COL_CODE_ID varchar(255) DEFAULT NULL,
  COL_CODE_SEQ varchar(255) DEFAULT NULL,
  COL_CODETYPE_ID varchar(255) DEFAULT NULL,
  COL_EFFECTIVE_DT varchar(255) DEFAULT NULL,
  COL_EXPIRY_DT varchar(255) DEFAULT NULL,
  COL_STATUS varchar(255) DEFAULT NULL,
  EDIT_URL varchar(255) DEFAULT NULL,
  COL_CODE_LOCALE varchar(255) DEFAULT NULL,
  OWNER_GROUP varchar(255) DEFAULT NULL,
  READ_ONLY varchar(255) DEFAULT NULL,
  UPDATED_BY varchar(255) DEFAULT NULL,
  UPDATED_DT datetime DEFAULT NULL,
  PRIMARY KEY (CODETYPE_ID,REV),
  FOREIGN KEY (REV) REFERENCES TBL_AUDIT_REV_INFO(ID)
);

CREATE TABLE TBL_AA_APP	(
  APP_ID	          VARCHAR(32)	NOT NULL,
  APP_CODE	          VARCHAR(32)	NOT NULL,
  APP_NAME	          VARCHAR(50)	NOT NULL,
  APP_DESC	          VARCHAR(255)	NULL,
  CREATED_DT	      DATETIME	    NOT NULL,
  CREATED_BY	      VARCHAR(32)   NOT NULL,
  UPDATED_DT	      DATETIME	    DEFAULT NULL,
  UPDATED_BY	      VARCHAR(32)	DEFAULT NULL,
  VERSION	          INTEGER	    NOT NULL,
  PRIMARY KEY (APP_ID),
  UNIQUE KEY (APP_CODE)
);

CREATE TABLE TBL_AA_APP_PARAM (
  PARAM_ID	          VARCHAR(32)	 NOT NULL,
  APP_ID	          VARCHAR(32)	 NOT NULL,
  PARAM_NAME	      VARCHAR(255)   NOT NULL,
  PARAM_VALUE	      VARCHAR(255)   NOT NULL,
  CREATED_DT	      DATETIME	     NOT NULL,
  CREATED_BY	      VARCHAR(32)	 NOT NULL,
  UPDATED_DT	      DATETIME	     DEFAULT NULL,
  UPDATED_BY	      VARCHAR(32)	 DEFAULT NULL,
  VERSION	          INTEGER        NOT NULL,
  PRIMARY KEY (PARAM_ID),
  FOREIGN KEY (APP_ID) REFERENCES TBL_AA_APP (APP_ID)
);

CREATE TABLE TBL_AA_SUBJECT (
  SUBJECT_ID          VARCHAR(32)    NOT NULL,
  FIRST_NAME          VARCHAR(100)   NOT NULL,
  LAST_NAME           VARCHAR(100)           ,
  EMAIL               VARCHAR(200)           ,
  PHONE_NUM           VARCHAR(20)            ,
  EFFECTIVE_DT        DATE                   ,
  EXPIRY_DT           DATE                   ,
  STATUS              VARCHAR(1)     NOT NULL,
  LOGICAL_DEL         INTEGER                ,
  LAST_LOGIN_DT       DATETIME               ,
  LAST_LOGIN_IP       VARCHAR(40)			 ,
  CREATED_DT          DATETIME               ,
  CREATED_BY          VARCHAR(32)            ,
  UPDATED_DT          DATETIME       DEFAULT NULL,
  UPDATED_BY          VARCHAR(32)    DEFAULT NULL,
  VERSION             INTEGER        NOT NULL,
  PRIMARY KEY (SUBJECT_ID)
);

CREATE TABLE TBL_AA_SUBJECT_LOGIN (
    SUBJECT_ID                VARCHAR(32)     NOT NULL,
    LOGIN_MECHANISM		      VARCHAR(32)     NOT NULL,
    LOGIN_NAME                VARCHAR(32)     NOT NULL,
    PASSWORD                  VARCHAR(2000)           ,
    RECALL_QUESTION           VARCHAR(100)            ,
    RECALL_ANS                VARCHAR(500)            ,
    PASSWORD_CHANGED_DATE     DATETIME                ,
    ATTEMPTS_MADE             INTEGER                 ,
    CREATED_DT                DATETIME                ,
    CREATED_BY                VARCHAR(32)             ,
    UPDATED_DT                DATETIME        DEFAULT NULL,
    UPDATED_BY                VARCHAR(32)     DEFAULT NULL,
    VERSION                   INTEGER         NOT NULL,
    PRIMARY KEY (SUBJECT_ID,LOGIN_MECHANISM),
    FOREIGN KEY (SUBJECT_ID) REFERENCES TBL_AA_SUBJECT (SUBJECT_ID)
);

CREATE TABLE TBL_AA_GROUP (
    GROUP_ID              VARCHAR(32)     NOT NULL,
    GROUP_NAME            VARCHAR(50)     NOT NULL,
    GROUP_LABEL		      VARCHAR(50)             ,
    GROUP_PARENT_ID       VARCHAR(32)             ,
    GROUP_TYPE		      VARCHAR(32)             ,
    LEFT_INDEX            INTEGER(11)     DEFAULT NULL,
    RIGHT_INDEX           INTEGER(11)     DEFAULT NULL,
    CREATED_DT            DATETIME                ,
    CREATED_BY            VARCHAR(32)             ,
    UPDATED_DT            DATETIME        DEFAULT NULL,
    UPDATED_BY            VARCHAR(32)     DEFAULT NULL,
    VERSION               INTEGER         NOT NULL,
    PRIMARY KEY (GROUP_ID)
);

CREATE TABLE TBL_AA_RESOURCES (
    RESOURCES_ID            VARCHAR(32)     NOT NULL,
    APP_ID	                VARCHAR(32)     NOT NULL,
    RESOURCE_NAME           VARCHAR(100)    NOT NULL,
    RESOURCE_PATH           VARCHAR(100)            ,
    RESOURCE_TYPE           VARCHAR(50)     NOT NULL,
    REQ_LOGIN_TYPE          VARCHAR(11)             ,
    BELONG_TO               VARCHAR(32) ,
    LOG_ENABLED		        INTEGER         NOT NULL DEFAULT '0',
    LOG_TRANSACTION	        INTEGER         NOT NULL DEFAULT '0',
    EFFECTIVE_FROM          Date		            ,
    EFFECTIVE_TO            Date		            ,
    CREATED_DT              DATETIME                ,
    CREATED_BY              VARCHAR(32)             ,
    UPDATED_DT              DATETIME        DEFAULT NULL,
    UPDATED_BY              VARCHAR(32)     DEFAULT NULL,
    VERSION                 INTEGER         NOT NULL,

    PRIMARY KEY (RESOURCES_ID),
    FOREIGN KEY (APP_ID) REFERENCES TBL_AA_APP (APP_ID)
);

CREATE TABLE TBL_AA_USER_SESSION_INFO (
    JSESSIONID              VARCHAR(128) NOT NULL,
    SUBJECT_ID              VARCHAR(32)          ,
    APP_CODE	            VARCHAR(32)  NOT NULL,
    LOGIN_ID                VARCHAR(32)          ,
    LOGIN_TYPE              VARCHAR(40)          ,
    FIRST_NAME              VARCHAR(100)          ,
    LAST_NAME               VARCHAR(100)          ,
    IP_ADDRESS              VARCHAR(40)          ,
    UPDATED_DT              DATETIME      DEFAULT NULL,
    PRIMARY KEY (JSESSIONID)
);

CREATE TABLE TBL_AA_AUTHORITY (
AUTHORITY_ID  	VARCHAR(32)  NOT NULL,
AUTHORITY    	VARCHAR(50)  NOT NULL,
CREATED_DT 		DATETIME           ,
CREATED_BY  	VARCHAR(32)         ,
UPDATED_DT  	DATETIME     DEFAULT NULL,
UPDATED_BY  	VARCHAR(32)  DEFAULT NULL,
VERSION     	INTEGER             ,
PRIMARY KEY (AUTHORITY_ID)
);

CREATE TABLE TBL_AA_AUTH2GROUP (
AUTHORITY_ID	VARCHAR(32) NOT NULL,
GROUP_ID		VARCHAR(32) NOT NULL,
CREATED_DT  	DATETIME           ,
CREATED_BY  	VARCHAR(32)        ,
PRIMARY KEY (AUTHORITY_ID, GROUP_ID),
FOREIGN KEY (AUTHORITY_ID) REFERENCES TBL_AA_AUTHORITY (AUTHORITY_ID),
FOREIGN KEY (GROUP_ID) REFERENCES TBL_AA_GROUP (GROUP_ID)
);

CREATE TABLE TBL_AA_SUBJECT2GROUP (
    SUBJECT_ID  VARCHAR(32) NOT NULL,
    GROUP_ID    VARCHAR(32) NOT NULL,
    AUTHORITY_ID	VARCHAR(32),
    CREATED_DT  DATETIME           ,
    CREATED_BY  VARCHAR(32)         ,
    UPDATED_DT  DATETIME    DEFAULT NULL,
    UPDATED_BY  VARCHAR(32) DEFAULT NULL,
    VERSION     INTEGER     NOT NULL,
    PRIMARY KEY (SUBJECT_ID, GROUP_ID),
    FOREIGN KEY (SUBJECT_ID) REFERENCES TBL_AA_SUBJECT (SUBJECT_ID),
    FOREIGN KEY (GROUP_ID) REFERENCES TBL_AA_GROUP (GROUP_ID)
);

CREATE TABLE TBL_AA_GROUP2RES (
    GROUP_ID       VARCHAR(32)  NOT NULL,
    RESOURCES_ID   VARCHAR(32)  NOT NULL,
    AUTHORITY_ID	VARCHAR(32),
    READ_ACCESS    VARCHAR(1),
    CREATE_ACCESS  VARCHAR(1),
    UPDATE_ACCESS  VARCHAR(1),
    DELETE_ACCESS  VARCHAR(1),
    EFFECTIVE_DT   DATE,
    EXPIRY_DT      DATE,
    CREATED_DT     DATETIME,
    CREATED_BY     VARCHAR(32),
    UPDATED_DT     DATETIME      DEFAULT NULL,
    UPDATED_BY     VARCHAR(32)   DEFAULT NULL,
    VERSION        INTEGER      NOT NULL,
    REF_GROUP_ID   VARCHAR(32),
    PRIMARY KEY (GROUP_ID, RESOURCES_ID),
    FOREIGN KEY (GROUP_ID) REFERENCES TBL_AA_GROUP (GROUP_ID) ,
    FOREIGN KEY (RESOURCES_ID) REFERENCES TBL_AA_RESOURCES (RESOURCES_ID)
);

CREATE TABLE TBL_AA_SUBJECT2RES (
    SUBJECT_ID     VARCHAR(32) NOT NULL,
    RESOURCES_ID   VARCHAR(32) NOT NULL,
    READ_ACCESS    VARCHAR(1),
    CREATE_ACCESS  VARCHAR(1),
    UPDATE_ACCESS  VARCHAR(1),
    DELETE_ACCESS  VARCHAR(1),
    EFFECTIVE_DT   DATE,
    EXPIRY_DT      DATE,
    CREATED_DT     DATETIME,
    CREATED_BY     VARCHAR(32),
    UPDATED_DT     DATETIME    DEFAULT NULL,
    UPDATED_BY     VARCHAR(32) DEFAULT NULL,
    VERSION        INTEGER     NOT NULL,
    REF_GROUP_ID   VARCHAR(32) ,
    PRIMARY KEY (SUBJECT_ID, RESOURCES_ID),
    FOREIGN KEY (SUBJECT_ID) REFERENCES TBL_AA_SUBJECT (SUBJECT_ID) ,
    FOREIGN KEY (RESOURCES_ID) REFERENCES TBL_AA_RESOURCES (RESOURCES_ID)
);

CREATE TABLE TBL_AA_RES2RES (
    RESOURCES_ID   VARCHAR(32) NOT NULL,
    PARENT_RES_ID  VARCHAR(32) NOT NULL,
    CREATE_ACCESS  VARCHAR(1),
    READ_ACCESS    VARCHAR(1),
    UPDATE_ACCESS  VARCHAR(1),
    DELETE_ACCESS  VARCHAR(1),
    EFFECTIVE_DT   DATE,
    EXPIRY_DT      DATE,
    CREATED_DT     DATETIME,
    CREATED_BY     VARCHAR(32),
    UPDATED_DT     DATETIME    DEFAULT NULL,
    UPDATED_BY     VARCHAR(32) DEFAULT NULL,
    VERSION        INTEGER     NOT NULL,
    REF_GROUP_ID   VARCHAR(32),
    PRIMARY KEY (RESOURCES_ID, PARENT_RES_ID),
    FOREIGN KEY (RESOURCES_ID) REFERENCES TBL_AA_RESOURCES (RESOURCES_ID),
    FOREIGN KEY (PARENT_RES_ID) REFERENCES TBL_AA_RESOURCES (RESOURCES_ID)
);

CREATE TABLE TBL_AA_SUBJECT2DELEGATOR (
    SUBJECT2DELEGATOR_PK    VARCHAR(32) NOT NULL,
    SUBJECT_ID    VARCHAR(32) NOT NULL,
    DELEGATOR_ID  VARCHAR(32) NOT NULL,
    CREATED_DT    DATETIME,
    CREATED_BY    VARCHAR(32),
    VERSION       INTEGER     NOT NULL,
    PRIMARY KEY (SUBJECT2DELEGATOR_PK),
    FOREIGN KEY (SUBJECT_ID) REFERENCES TBL_AA_SUBJECT (SUBJECT_ID),
    FOREIGN KEY (DELEGATOR_ID) REFERENCES TBL_AA_SUBJECT (SUBJECT_ID)
);

CREATE TABLE TBL_AA_DELEGATED_RESOURCES (
    SUBJECT2DELEGATOR_PK  VARCHAR(32) NOT NULL,
    RESOURCES_ID   VARCHAR(32) NOT NULL,
    READ_ACCESS    VARCHAR(1),
    CREATE_ACCESS  VARCHAR(1),
    UPDATE_ACCESS  VARCHAR(1),
    DELETE_ACCESS  VARCHAR(1),
    EFFECTIVE_DT   DATE,
    EXPIRY_DT      DATE,
    CREATED_DT     DATETIME,
    CREATED_BY     VARCHAR(32),
    UPDATED_DT     DATETIME    DEFAULT NULL,
    UPDATED_BY     VARCHAR(32) DEFAULT NULL,
    VERSION        INTEGER    NOT NULL,
    REF_GROUP_ID   VARCHAR(32),
    PRIMARY KEY (SUBJECT2DELEGATOR_PK, RESOURCES_ID),
    FOREIGN KEY (SUBJECT2DELEGATOR_PK) REFERENCES TBL_AA_SUBJECT2DELEGATOR (SUBJECT2DELEGATOR_PK) ,
    FOREIGN KEY (RESOURCES_ID) REFERENCES TBL_AA_RESOURCES (RESOURCES_ID)
);

CREATE TABLE TBL_AA_LOGIN_LOG (
	LOGIN_LOG_ID  VARCHAR(32) NOT NULL,
	LOGIN_ID      VARCHAR(32)         ,
	APP_CODE  	  VARCHAR(32) NOT NULL,
	LOGIN_TYPE    VARCHAR(20)         ,
	LOGIN_STATUS  VARCHAR(100)         ,
	CREATED_DT    DATETIME			  ,
	LOGIN_IP      VARCHAR(40),
	PRIMARY KEY (LOGIN_LOG_ID)
);

CREATE TABLE TBL_AA_VIOLATION_LOG (
	LOG_ID  VARCHAR(32) NOT NULL,
	LOGIN_ID      VARCHAR(32)         ,
	APP_CODE  	  VARCHAR(32) NOT NULL,
	LOGIN_TYPE    VARCHAR(20)         ,
	ACCESS_RES_NAME    VARCHAR(100)         ,
	ACCESS_RES    VARCHAR(100)         ,
	ACCESS_RES_TYPE VARCHAR(20),
	CREATED_DT    DATETIME			  ,
	LOGIN_IP      VARCHAR(40),
	PRIMARY KEY (LOG_ID)
);

CREATE TABLE TBL_AA_SUBJECT_PWD_HISTORY (
	OLD_PASSWORD_ID  VARCHAR(32) NOT NULL,
	SUBJECT_ID       VARCHAR(32) NOT NULL,
	OLD_PASSWORD     VARCHAR(2000) NOT NULL,
	CREATED_DT       DATETIME           ,
	PRIMARY KEY (OLD_PASSWORD_ID),
	FOREIGN KEY (SUBJECT_ID) REFERENCES TBL_AA_SUBJECT (SUBJECT_ID)
);

CREATE TABLE TBL_AA_GROUP_ADMIN (
	GROUP_ID      VARCHAR(32) NOT NULL,
	ADMIN_TYPE    VARCHAR(1)  NOT NULL,
	ADMIN_ID      VARCHAR(32) NOT NULL,
	DELEGATOR_ID  VARCHAR(32),
	PRECEDENCE    INTEGER,
	CREATED_DT    DATETIME,
	CREATED_BY    VARCHAR(32),
	UPDATED_DT    DATETIME    DEFAULT NULL,
	UPDATED_BY    VARCHAR(32) DEFAULT NULL,
	VERSION       INTEGER     NOT NULL,
	PRIMARY KEY (GROUP_ID, ADMIN_TYPE, ADMIN_ID),
	FOREIGN KEY (GROUP_ID) REFERENCES TBL_AA_GROUP (GROUP_ID),
	FOREIGN KEY (ADMIN_ID) REFERENCES TBL_AA_SUBJECT (SUBJECT_ID) ,
	FOREIGN KEY (DELEGATOR_ID) REFERENCES TBL_AA_SUBJECT (SUBJECT_ID)
);

CREATE TABLE TBL_AA_PUBLIC_REG (
  SUBJECT_ID               VARCHAR(32) NOT NULL,
  LOGIN_MECHANISM		   VARCHAR(32) NOT NULL,
  PUBLIC_ACTIVATION_KEY    VARCHAR(32),
  REASON                   VARCHAR(200),
  UPDATED_DT               DATETIME    DEFAULT NULL,
  PRIMARY KEY (SUBJECT_ID,LOGIN_MECHANISM)
);

CREATE TABLE TBL_AA_SIGN_LOG (
    SIGN_LOG_ID     VARCHAR(32)  NOT NULL,
    REQUEST_URI     VARCHAR(255) NOT NULL,
    IP_ADDRESS      VARCHAR(40)  NOT NULL,
    DETAILS         BLOB         NOT NULL,
    CREATED_DT      DATETIME     NOT NULL,
    CREATED_BY      VARCHAR(32)  NOT NULL,
    VALID           CHAR(1)      NOT NULL,
    PRIMARY KEY (SIGN_LOG_ID)
);

CREATE TABLE TBL_AA_APP_AUD (
  APP_ID VARCHAR(255) NOT NULL,
  REV INT(11) NOT NULL,
  REV_TYPE TINYINT(4) DEFAULT NULL,
  APP_CODE VARCHAR(255) DEFAULT NULL,
  APP_DESC VARCHAR(255) DEFAULT NULL,
  APP_NAME VARCHAR(255) DEFAULT NULL,
  CREATED_BY VARCHAR(255) DEFAULT NULL,
  CREATED_DT DATETIME DEFAULT NULL,
  UPDATED_BY VARCHAR(255) DEFAULT NULL,
  UPDATED_DT DATETIME DEFAULT NULL,
  VERSION INT(11) DEFAULT NULL,
  PRIMARY KEY (APP_ID,REV),
  KEY FK584B15742EA48532 (REV),
  CONSTRAINT FK584B15742EA48532 FOREIGN KEY (REV) REFERENCES TBL_AUDIT_REV_INFO (ID)
);

CREATE TABLE TBL_AA_APP_PARAM_AUD (
  PARAM_ID VARCHAR(255) NOT NULL,
  REV INT(11) NOT NULL,
  REV_TYPE TINYINT(4) DEFAULT NULL,
  CREATED_BY VARCHAR(255) DEFAULT NULL,
  CREATED_DT DATETIME DEFAULT NULL,
  PARAM_NAME VARCHAR(255) DEFAULT NULL,
  PARAM_VALUE VARCHAR(255) DEFAULT NULL,
  UPDATED_BY VARCHAR(255) DEFAULT NULL,
  UPDATED_DT DATETIME DEFAULT NULL,
  VERSION INT(11) DEFAULT NULL,
  APP_ID VARCHAR(255) DEFAULT NULL,
  PRIMARY KEY (PARAM_ID,REV),
  KEY FK7990ABA22EA48532 (REV),
  CONSTRAINT FK7990ABA22EA48532 FOREIGN KEY (REV) REFERENCES TBL_AUDIT_REV_INFO (ID)
);

CREATE TABLE TBL_AA_DELEGATED_RESOURCES_AUD (
  RESOURCES_ID VARCHAR(255) NOT NULL,
  SUBJECT2DELEGATOR_PK VARCHAR(255) NOT NULL,
  REV INT(11) NOT NULL,
  REV_TYPE TINYINT(4) DEFAULT NULL,
  CREATE_ACCESS VARCHAR(255) DEFAULT NULL,
  CREATED_BY VARCHAR(255) DEFAULT NULL,
  CREATED_DT DATETIME DEFAULT NULL,
  DELETE_ACCESS VARCHAR(255) DEFAULT NULL,
  EFFECTIVE_DT DATE DEFAULT NULL,
  EXPIRY_DT DATE DEFAULT NULL,
  READ_ACCESS VARCHAR(255) DEFAULT NULL,
  UPDATE_ACCESS VARCHAR(255) DEFAULT NULL,
  UPDATED_BY VARCHAR(255) DEFAULT NULL,
  UPDATED_DT DATETIME DEFAULT NULL,
  VERSION INT(11) DEFAULT NULL,
  PRIMARY KEY (RESOURCES_ID,SUBJECT2DELEGATOR_PK,REV),
  KEY FK2ED9A2982EA48532 (REV),
  CONSTRAINT FK2ED9A2982EA48532 FOREIGN KEY (REV) REFERENCES TBL_AUDIT_REV_INFO (ID)
);

CREATE TABLE TBL_AA_GROUP_ADMIN_AUD (
  ADMIN_ID VARCHAR(255) NOT NULL,
  ADMIN_TYPE VARCHAR(255) NOT NULL,
  GROUP_ID VARCHAR(255) NOT NULL,
  REV INT(11) NOT NULL,
  REV_TYPE TINYINT(4) DEFAULT NULL,
  CREATED_BY VARCHAR(255) DEFAULT NULL,
  CREATED_DT DATETIME DEFAULT NULL,
  PRECEDENCE INT(11) DEFAULT NULL,
  UPDATED_BY VARCHAR(255) DEFAULT NULL,
  UPDATED_DT DATETIME DEFAULT NULL,
  VERSION INT(11) DEFAULT NULL,
  DELEGATOR_ID VARCHAR(255) DEFAULT NULL,
  PRIMARY KEY (ADMIN_ID,ADMIN_TYPE,GROUP_ID,REV),
  KEY FKD66567C22EA48532 (REV),
  CONSTRAINT FKD66567C22EA48532 FOREIGN KEY (REV) REFERENCES TBL_AUDIT_REV_INFO (ID)
);

CREATE TABLE TBL_AA_GROUP_AUD (
  GROUP_ID VARCHAR(255) NOT NULL,
  REV INT(11) NOT NULL,
  REV_TYPE TINYINT(4) DEFAULT NULL,
  CREATED_BY VARCHAR(255) DEFAULT NULL,
  CREATED_DT DATETIME DEFAULT NULL,
  GROUP_LABEL VARCHAR(255) DEFAULT NULL,
  GROUP_NAME VARCHAR(255) DEFAULT NULL,
  GROUP_TYPE VARCHAR(255) DEFAULT NULL,
  LEFT_INDEX INT(11) DEFAULT NULL,
  RIGHT_INDEX INT(11) DEFAULT NULL,
  UPDATED_BY VARCHAR(255) DEFAULT NULL,
  UPDATED_DT DATETIME DEFAULT NULL,
  VERSION INT(11) DEFAULT NULL,
  GROUP_PARENT_ID VARCHAR(255) DEFAULT NULL,
  PRIMARY KEY (GROUP_ID,REV),
  KEY FK7619B6522EA48532 (REV),
  CONSTRAINT FK7619B6522EA48532 FOREIGN KEY (REV) REFERENCES TBL_AUDIT_REV_INFO (ID)
);

CREATE TABLE TBL_AA_GROUP2RES_AUD (
  GROUP_ID VARCHAR(255) NOT NULL,
  RESOURCES_ID VARCHAR(255) NOT NULL,
  REV INT(11) NOT NULL,
  REV_TYPE TINYINT(4) DEFAULT NULL,
  CREATE_ACCESS VARCHAR(255) DEFAULT NULL,
  CREATED_BY VARCHAR(255) DEFAULT NULL,
  CREATED_DT DATETIME DEFAULT NULL,
  DELETE_ACCESS VARCHAR(255) DEFAULT NULL,
  EFFECTIVE_DT DATE DEFAULT NULL,
  EXPIRY_DT DATE DEFAULT NULL,
  READ_ACCESS VARCHAR(255) DEFAULT NULL,
  UPDATE_ACCESS VARCHAR(255) DEFAULT NULL,
  UPDATED_BY VARCHAR(255) DEFAULT NULL,
  UPDATED_DT DATETIME DEFAULT NULL,
  VERSION INT(11) DEFAULT NULL,
  PRIMARY KEY (GROUP_ID,RESOURCES_ID,REV),
  KEY FKF1394DE02EA48532 (REV),
  CONSTRAINT FKF1394DE02EA48532 FOREIGN KEY (REV) REFERENCES TBL_AUDIT_REV_INFO (ID)
);

CREATE TABLE TBL_AA_PUBLIC_REG_AUD (
  LOGIN_MECHANISM VARCHAR(255) NOT NULL,
  SUBJECT_ID VARCHAR(255) NOT NULL,
  REV INT(11) NOT NULL,
  REV_TYPE TINYINT(4) DEFAULT NULL,
  PUBLIC_ACTIVATION_KEY VARCHAR(255) DEFAULT NULL,
  REASON VARCHAR(255) DEFAULT NULL,
  UPDATED_DT DATETIME DEFAULT NULL,
  PRIMARY KEY (LOGIN_MECHANISM,SUBJECT_ID,REV),
  KEY FK59B6C80D2EA48532 (REV),
  CONSTRAINT FK59B6C80D2EA48532 FOREIGN KEY (REV) REFERENCES TBL_AUDIT_REV_INFO (ID)
);

CREATE TABLE TBL_AA_RES2RES_AUD (
  PARENT_RES_ID VARCHAR(255) NOT NULL,
  RESOURCES_ID VARCHAR(255) NOT NULL,
  REV INT(11) NOT NULL,
  REV_TYPE TINYINT(4) DEFAULT NULL,
  CREATE_ACCESS VARCHAR(255) DEFAULT NULL,
  CREATED_BY VARCHAR(255) DEFAULT NULL,
  CREATED_DT DATETIME DEFAULT NULL,
  DELETE_ACCESS VARCHAR(255) DEFAULT NULL,
  EFFECTIVE_DT DATETIME DEFAULT NULL,
  EXPIRY_DT DATETIME DEFAULT NULL,
  READ_ACCESS VARCHAR(255) DEFAULT NULL,
  UPDATE_ACCESS VARCHAR(255) DEFAULT NULL,
  UPDATED_BY VARCHAR(255) DEFAULT NULL,
  UPDATED_DT DATETIME DEFAULT NULL,
  VERSION INT(11) DEFAULT NULL,
  PRIMARY KEY (PARENT_RES_ID,RESOURCES_ID,REV),
  KEY FKB0579B812EA48532 (REV),
  CONSTRAINT FKB0579B812EA48532 FOREIGN KEY (REV) REFERENCES TBL_AUDIT_REV_INFO (ID)
);

CREATE TABLE TBL_AA_RESOURCES_AUD (
  RESOURCES_ID VARCHAR(255) NOT NULL,
  REV INT(11) NOT NULL,
  REV_TYPE TINYINT(4) DEFAULT NULL,
  BELONG_TO VARCHAR(255) DEFAULT NULL,
  CREATED_BY VARCHAR(255) DEFAULT NULL,
  CREATED_DT DATETIME DEFAULT NULL,
  EFFECTIVE_FROM DATE DEFAULT NULL,
  EFFECTIVE_TO DATE DEFAULT NULL,
  LOG_ENABLED INT(11) DEFAULT NULL,
  LOG_TRANSACTION INT(11) DEFAULT NULL,
  REQ_LOGIN_TYPE VARCHAR(255) DEFAULT NULL,
  RESOURCE_NAME VARCHAR(255) DEFAULT NULL,
  RESOURCE_PATH VARCHAR(255) DEFAULT NULL,
  RESOURCE_TYPE VARCHAR(255) DEFAULT NULL,
  UPDATED_BY VARCHAR(255) DEFAULT NULL,
  UPDATED_DT DATETIME DEFAULT NULL,
  VERSION INT(11) DEFAULT NULL,
  APP_ID VARCHAR(255) DEFAULT NULL,
  PRIMARY KEY (RESOURCES_ID,REV),
  KEY FK2EADA1F82EA48532 (REV),
  CONSTRAINT FK2EADA1F82EA48532 FOREIGN KEY (REV) REFERENCES TBL_AUDIT_REV_INFO (ID)
);

CREATE TABLE TBL_AA_SIGN_LOG_AUD (
  SIGN_LOG_ID VARCHAR(255) NOT NULL,
  REV INT(11) NOT NULL,
  REV_TYPE TINYINT(4) DEFAULT NULL,
  CREATED_BY VARCHAR(255) DEFAULT NULL,
  CREATED_DT DATETIME DEFAULT NULL,
  DETAILS LONGBLOB,
  IP_ADDRESS VARCHAR(255) DEFAULT NULL,
  REQUEST_URI VARCHAR(255) DEFAULT NULL,
  VALID CHAR(1) DEFAULT NULL,
  PRIMARY KEY (SIGN_LOG_ID,REV),
  KEY FK2A8DC5912EA48532 (REV),
  CONSTRAINT FK2A8DC5912EA48532 FOREIGN KEY (REV) REFERENCES TBL_AUDIT_REV_INFO (ID)
);

CREATE TABLE TBL_AA_SUBJECT_AUD (
  SUBJECT_ID VARCHAR(255) NOT NULL,
  REV INT(11) NOT NULL,
  REV_TYPE TINYINT(4) DEFAULT NULL,
  CREATED_BY VARCHAR(255) DEFAULT NULL,
  CREATED_DT DATETIME DEFAULT NULL,
  EFFECTIVE_DT DATE DEFAULT NULL,
  EMAIL VARCHAR(255) DEFAULT NULL,
  EXPIRY_DT DATE DEFAULT NULL,
  FIRST_NAME VARCHAR(255) DEFAULT NULL,
  LAST_LOGIN_DT DATETIME DEFAULT NULL,
  LAST_LOGIN_IP VARCHAR(255) DEFAULT NULL,
  LAST_NAME VARCHAR(255) DEFAULT NULL,
  LOGICAL_DEL INT(11) DEFAULT NULL,
  PHONE_NUM VARCHAR(255) DEFAULT NULL,
  STATUS VARCHAR(255) DEFAULT NULL,
  UPDATED_BY VARCHAR(255) DEFAULT NULL,
  UPDATED_DT DATETIME DEFAULT NULL,
  VERSION INT(11) DEFAULT NULL,
  PRIMARY KEY (SUBJECT_ID,REV),
  KEY FKBB5799FF2EA48532 (REV),
  CONSTRAINT FKBB5799FF2EA48532 FOREIGN KEY (REV) REFERENCES TBL_AUDIT_REV_INFO (ID)
);

CREATE TABLE TBL_AA_SUBJECT_LOGIN_AUD (
  LOGIN_MECHANISM VARCHAR(255) NOT NULL,
  SUBJECT_ID VARCHAR(255) NOT NULL,
  REV INT(11) NOT NULL,
  REV_TYPE TINYINT(4) DEFAULT NULL,
  ATTEMPTS_MADE INT(11) DEFAULT NULL,
  CREATED_BY VARCHAR(255) DEFAULT NULL,
  CREATED_DT DATETIME DEFAULT NULL,
  LOGIN_NAME VARCHAR(255) DEFAULT NULL,
  PASSWORD VARCHAR(255) DEFAULT NULL,
  PASSWORD_CHANGED_DATE DATETIME DEFAULT NULL,
  RECALL_ANS VARCHAR(255) DEFAULT NULL,
  RECALL_QUESTION VARCHAR(255) DEFAULT NULL,
  UPDATED_BY VARCHAR(255) DEFAULT NULL,
  UPDATED_DT DATETIME DEFAULT NULL,
  VERSION INT(11) DEFAULT NULL,
  PRIMARY KEY (LOGIN_MECHANISM,SUBJECT_ID,REV),
  KEY FKF83B64C92EA48532 (REV),
  CONSTRAINT FKF83B64C92EA48532 FOREIGN KEY (REV) REFERENCES TBL_AUDIT_REV_INFO (ID)
);

CREATE TABLE TBL_AA_SUBJECT2DELEGATOR_AUD (
  SUBJECT2DELEGATOR_PK VARCHAR(255) NOT NULL,
  REV INT(11) NOT NULL,
  REV_TYPE TINYINT(4) DEFAULT NULL,
  CREATED_BY VARCHAR(255) DEFAULT NULL,
  CREATED_DT DATETIME DEFAULT NULL,
  VERSION INT(11) DEFAULT NULL,
  DELEGATOR_ID VARCHAR(255) DEFAULT NULL,
  SUBJECT_ID VARCHAR(255) DEFAULT NULL,
  PRIMARY KEY (SUBJECT2DELEGATOR_PK,REV),
  KEY FK3ACEF4B02EA48532 (REV),
  CONSTRAINT FK3ACEF4B02EA48532 FOREIGN KEY (REV) REFERENCES TBL_AUDIT_REV_INFO (ID)
);

CREATE TABLE TBL_AA_SUBJECT2GROUP_AUD (
  GROUP_ID VARCHAR(255) NOT NULL,
  SUBJECT_ID VARCHAR(255) NOT NULL,
  REV INT(11) NOT NULL,
  REV_TYPE TINYINT(4) DEFAULT NULL,
  CREATED_BY VARCHAR(255) DEFAULT NULL,
  CREATED_DT DATETIME DEFAULT NULL,
  UPDATED_BY VARCHAR(255) DEFAULT NULL,
  UPDATED_DT DATETIME DEFAULT NULL,
  VERSION INT(11) DEFAULT NULL,
  PRIMARY KEY (GROUP_ID,SUBJECT_ID,REV),
  KEY FK15680E6C2EA48532 (REV),
  CONSTRAINT FK15680E6C2EA48532 FOREIGN KEY (REV) REFERENCES TBL_AUDIT_REV_INFO (ID)
);

CREATE TABLE TBL_AA_SUBJECT2RES_AUD (
  RESOURCES_ID VARCHAR(255) NOT NULL,
  SUBJECT_ID VARCHAR(255) NOT NULL,
  REV INT(11) NOT NULL,
  REV_TYPE TINYINT(4) DEFAULT NULL,
  CREATE_ACCESS VARCHAR(255) DEFAULT NULL,
  CREATED_BY VARCHAR(255) DEFAULT NULL,
  CREATED_DT DATETIME DEFAULT NULL,
  DELETE_ACCESS VARCHAR(255) DEFAULT NULL,
  EFFECTIVE_DT DATE DEFAULT NULL,
  EXPIRY_DT DATE DEFAULT NULL,
  READ_ACCESS VARCHAR(255) DEFAULT NULL,
  UPDATE_ACCESS VARCHAR(255) DEFAULT NULL,
  UPDATED_BY VARCHAR(255) DEFAULT NULL,
  UPDATED_DT DATETIME DEFAULT NULL,
  VERSION INT(11) DEFAULT NULL,
  PRIMARY KEY (RESOURCES_ID,SUBJECT_ID,REV),
  KEY FKD853930D2EA48532 (REV),
  CONSTRAINT FKD853930D2EA48532 FOREIGN KEY (REV) REFERENCES TBL_AUDIT_REV_INFO (ID)
);

create table tbl_departments (
	id varchar (32) not null,
  dept_name varchar (100) not null unique,
  dept_desc varchar (200),
  version integer,
  primary key (id)
);

create table tbl_departments_aud (
  id varchar (32) not null,
  rev int (11) not null,
  rev_type tinyint (4) default null,
  dept_name varchar (100),
  dept_desc varchar (200),
  version integer,
  primary key (id, rev),
  foreign key (rev) references tbl_audit_rev_info (id)
);

create table tbl_staff (
	id varchar (32) not null,
  staff_no varchar (5) not null unique,
  staff_name varchar (200) not null,
  login_id varchar (15) not null unique,
  email varchar (27) not null unique,
  phone_no varchar (8),
  dob date,
  join_date date,
  dept_id varchar (100),
  designation varchar (100),
  ro_id varchar (32),
  photo mediumblob,
  version integer,
  primary key (id),
  foreign key (dept_id) references tbl_departments (id),
  foreign key (ro_id) references tbl_staff (id)
);

create table tbl_staff_aud (
	id varchar (32) not null,
  rev int (11) not null,
  rev_type tinyint (4) default null,
  staff_no varchar (5),
  staff_name varchar (200),
  login_id varchar (15),
  email varchar (27),
  phone_no varchar (8),
  dob date,
  join_date date,
  dept_id varchar (100),
  designation varchar (100),
  ro_id varchar (32),
  photo mediumblob,
  version integer,
  primary key (id, rev),
  foreign key (rev) references tbl_audit_rev_info (id)
);

create table tbl_itrust_aud (
  audit_id int(8) not null auto_increment,
  txn_type varchar(6),
  tbl_name varchar(256),
  record_id varchar(32),
  txn_author_id varchar(32),
  txn_date timestamp not null default current_timestamp,
  txn_field longtext,
  txn_detail_bef longtext,
  txn_detail_aft longtext,
  primary key (audit_id)
);

insert into TBL_CODETYPE (CODETYPE_ID, CODETYPE_DESC, CODETYPE_TABLE, READ_ONLY, COL_CODETYPE_ID, COL_CODE_ID, COL_CODE_DESC, COL_CODE_SEQ, COL_STATUS, COL_EFFECTIVE_DT, COL_EXPIRY_DT, EDIT_URL, ADD_URL, OWNER_GROUP, UPDATED_BY, UPDATED_DT, COL_CODE_LOCALE) values('acm_res','ACM Resources Type','TBL_CODE_INT','Y','CODETYPE_ID','CODE_ID','CODE_DESC','CODE_SEQ',null,null,null,'/codeadmin/viewedit_int.do',null,'DEF-group-groupA',null,null,'LOCALE');
insert into TBL_CODETYPE (CODETYPE_ID, CODETYPE_DESC, CODETYPE_TABLE, READ_ONLY, COL_CODETYPE_ID, COL_CODE_ID, COL_CODE_DESC, COL_CODE_SEQ, COL_STATUS, COL_EFFECTIVE_DT, COL_EXPIRY_DT, EDIT_URL, ADD_URL, OWNER_GROUP, UPDATED_BY, UPDATED_DT, COL_CODE_LOCALE) values('addr_type','Address Type','TBL_CODE_INT','Y','CODETYPE_ID','CODE_ID','CODE_DESC','CODE_SEQ',null,null,null,'/codeadmin/viewedit_int.do',null,'DEF-group-groupA',null,null,'LOCALE');
insert into TBL_CODETYPE (CODETYPE_ID, CODETYPE_DESC, CODETYPE_TABLE, READ_ONLY, COL_CODETYPE_ID, COL_CODE_ID, COL_CODE_DESC, COL_CODE_SEQ, COL_STATUS, COL_EFFECTIVE_DT, COL_EXPIRY_DT, EDIT_URL, ADD_URL, OWNER_GROUP, UPDATED_BY, UPDATED_DT, COL_CODE_LOCALE) values('application','Application List','TBL_AA_APP','Y',null,'APP_ID','APP_NAME','APP_NAME',null,null,null,null,null,null,null,null,null);
insert into TBL_CODETYPE (CODETYPE_ID, CODETYPE_DESC, CODETYPE_TABLE, READ_ONLY, COL_CODETYPE_ID, COL_CODE_ID, COL_CODE_DESC, COL_CODE_SEQ, COL_STATUS, COL_EFFECTIVE_DT, COL_EXPIRY_DT, EDIT_URL, ADD_URL, OWNER_GROUP, UPDATED_BY, UPDATED_DT, COL_CODE_LOCALE) values('auditLevel','Log Audit Level','TBL_CODE_INT','Y','CODETYPE_ID','CODE_ID','CODE_DESC','CODE_SEQ',null,null,null,'/codeadmin/viewedit_int.do',null,'DEF-group-groupA',null,null,'LOCALE');
insert into TBL_CODETYPE (CODETYPE_ID, CODETYPE_DESC, CODETYPE_TABLE, READ_ONLY, COL_CODETYPE_ID, COL_CODE_ID, COL_CODE_DESC, COL_CODE_SEQ, COL_STATUS, COL_EFFECTIVE_DT, COL_EXPIRY_DT, EDIT_URL, ADD_URL, OWNER_GROUP, UPDATED_BY, UPDATED_DT, COL_CODE_LOCALE) values('boolean_yn','Yes / No','TBL_CODE_INT','Y','CODETYPE_ID','CODE_ID','CODE_DESC','CODE_SEQ',null,null,null,'/codeadmin/viewedit_int.do',null,'DEF-group-groupA',null,null,'LOCALE');
insert into TBL_CODETYPE (CODETYPE_ID, CODETYPE_DESC, CODETYPE_TABLE, READ_ONLY, COL_CODETYPE_ID, COL_CODE_ID, COL_CODE_DESC, COL_CODE_SEQ, COL_STATUS, COL_EFFECTIVE_DT, COL_EXPIRY_DT, EDIT_URL, ADD_URL, OWNER_GROUP, UPDATED_BY, UPDATED_DT, COL_CODE_LOCALE) values('contact','Types Of Contact','TBL_CODE_INT','Y','CODETYPE_ID','CODE_ID','CODE_DESC','CODE_SEQ',null,null,null,'/codeadmin/viewedit_int.do',null,'DEF-group-groupA',null,null,'LOCALE');
insert into TBL_CODETYPE (CODETYPE_ID, CODETYPE_DESC, CODETYPE_TABLE, READ_ONLY, COL_CODETYPE_ID, COL_CODE_ID, COL_CODE_DESC, COL_CODE_SEQ, COL_STATUS, COL_EFFECTIVE_DT, COL_EXPIRY_DT, EDIT_URL, ADD_URL, OWNER_GROUP, UPDATED_BY, UPDATED_DT, COL_CODE_LOCALE) values('country','Country','TBL_CODE_COUNTRY','N',null,'COUNTRY_ID','COUNTRY_DESC',null,'STATUS',null,null,'/codeadmin/viewedit_country.do','/codeadmin/add_country.do','DEF-group-groupA',null,null,'COUNTRY_LOCALE');
insert into TBL_CODETYPE (CODETYPE_ID, CODETYPE_DESC, CODETYPE_TABLE, READ_ONLY, COL_CODETYPE_ID, COL_CODE_ID, COL_CODE_DESC, COL_CODE_SEQ, COL_STATUS, COL_EFFECTIVE_DT, COL_EXPIRY_DT, EDIT_URL, ADD_URL, OWNER_GROUP, UPDATED_BY, UPDATED_DT, COL_CODE_LOCALE) values('dateType','time date Type','TBL_CODE_INT','Y','CODETYPE_ID','CODE_ID','CODE_DESC','CODE_SEQ',null,null,null,'/codeadmin/viewedit_int.do',null,'DEF-group-groupA',null,null,'LOCALE');
insert into TBL_CODETYPE (CODETYPE_ID, CODETYPE_DESC, CODETYPE_TABLE, READ_ONLY, COL_CODETYPE_ID, COL_CODE_ID, COL_CODE_DESC, COL_CODE_SEQ, COL_STATUS, COL_EFFECTIVE_DT, COL_EXPIRY_DT, EDIT_URL, ADD_URL, OWNER_GROUP, UPDATED_BY, UPDATED_DT, COL_CODE_LOCALE) values('gender','Gender','TBL_CODE_INT','N','CODETYPE_ID','CODE_ID','CODE_DESC','CODE_SEQ',null,null,null,'/codeadmin/viewedit_int.do','/codeadmin/add_int.do?codeInt.codeTypeId=gender&codeInt.codeTypeDesc=Gender','DEF-group-groupA',null,null,'LOCALE');
insert into TBL_CODETYPE (CODETYPE_ID, CODETYPE_DESC, CODETYPE_TABLE, READ_ONLY, COL_CODETYPE_ID, COL_CODE_ID, COL_CODE_DESC, COL_CODE_SEQ, COL_STATUS, COL_EFFECTIVE_DT, COL_EXPIRY_DT, EDIT_URL, ADD_URL, OWNER_GROUP, UPDATED_BY, UPDATED_DT, COL_CODE_LOCALE) values('industry','Industry','TBL_SAMPLE_INDUSTRY','Y',null,'INDUSTRY_ID','INDUSTRY_DESC',null,'STATUS',null,null,'/codeadmin/viewedit_industry.do','/codeadmin/add_industry.do','DEF-group-groupA',null,null,'LOCALE');
insert into TBL_CODETYPE (CODETYPE_ID, CODETYPE_DESC, CODETYPE_TABLE, READ_ONLY, COL_CODETYPE_ID, COL_CODE_ID, COL_CODE_DESC, COL_CODE_SEQ, COL_STATUS, COL_EFFECTIVE_DT, COL_EXPIRY_DT, EDIT_URL, ADD_URL, OWNER_GROUP, UPDATED_BY, UPDATED_DT, COL_CODE_LOCALE) values('loginType','loginType','TBL_CODE_INT','Y','CODETYPE_ID','CODE_ID','CODE_DESC','CODE_SEQ',null,null,null,'/codeadmin/viewedit_int.do',null,'DEF-group-groupA',null,null,'LOCALE');
insert into TBL_CODETYPE (CODETYPE_ID, CODETYPE_DESC, CODETYPE_TABLE, READ_ONLY, COL_CODETYPE_ID, COL_CODE_ID, COL_CODE_DESC, COL_CODE_SEQ, COL_STATUS, COL_EFFECTIVE_DT, COL_EXPIRY_DT, EDIT_URL, ADD_URL, OWNER_GROUP, UPDATED_BY, UPDATED_DT, COL_CODE_LOCALE) values('martial','Martial Status','TBL_CODE_INT','Y','CODETYPE_ID','CODE_ID','CODE_DESC','CODE_SEQ',null,null,null,'/codeadmin/viewedit_int.do',null,'DEF-group-groupA',null,null,'LOCALE');
insert into TBL_CODETYPE (CODETYPE_ID, CODETYPE_DESC, CODETYPE_TABLE, READ_ONLY, COL_CODETYPE_ID, COL_CODE_ID, COL_CODE_DESC, COL_CODE_SEQ, COL_STATUS, COL_EFFECTIVE_DT, COL_EXPIRY_DT, EDIT_URL, ADD_URL, OWNER_GROUP, UPDATED_BY, UPDATED_DT, COL_CODE_LOCALE) values('process_st','Process Status','TBL_CODE_INT','Y','CODETYPE_ID','CODE_ID','CODE_DESC','CODE_SEQ',null,null,null,null,null,null,null,null,'LOCALE');
insert into TBL_CODETYPE (CODETYPE_ID, CODETYPE_DESC, CODETYPE_TABLE, READ_ONLY, COL_CODETYPE_ID, COL_CODE_ID, COL_CODE_DESC, COL_CODE_SEQ, COL_STATUS, COL_EFFECTIVE_DT, COL_EXPIRY_DT, EDIT_URL, ADD_URL, OWNER_GROUP, UPDATED_BY, UPDATED_DT, COL_CODE_LOCALE) values('pubDest','publisher Dest','TBL_CODE_INT','Y','CODETYPE_ID','CODE_ID','CODE_DESC','CODE_SEQ',null,null,null,null,null,'DEF-group-groupA',null,null,'LOCALE');
insert into TBL_CODETYPE (CODETYPE_ID, CODETYPE_DESC, CODETYPE_TABLE, READ_ONLY, COL_CODETYPE_ID, COL_CODE_ID, COL_CODE_DESC, COL_CODE_SEQ, COL_STATUS, COL_EFFECTIVE_DT, COL_EXPIRY_DT, EDIT_URL, ADD_URL, OWNER_GROUP, UPDATED_BY, UPDATED_DT, COL_CODE_LOCALE) values('pubStatus','publisher Status','TBL_CODE_INT','Y','CODETYPE_ID','CODE_ID','CODE_DESC','CODE_SEQ',null,null,null,null,null,'DEF-group-groupA',null,null,'LOCALE');
insert into TBL_CODETYPE (CODETYPE_ID, CODETYPE_DESC, CODETYPE_TABLE, READ_ONLY, COL_CODETYPE_ID, COL_CODE_ID, COL_CODE_DESC, COL_CODE_SEQ, COL_STATUS, COL_EFFECTIVE_DT, COL_EXPIRY_DT, EDIT_URL, ADD_URL, OWNER_GROUP, UPDATED_BY, UPDATED_DT, COL_CODE_LOCALE) values('rec_type','Record Type','TBL_CODE_INT','Y','CODETYPE_ID','CODE_ID','CODE_DESC','CODE_SEQ',null,null,null,'/codeadmin/viewedit_int.do',null,'DEF-group-groupA',null,null,'LOCALE');
insert into TBL_CODETYPE (CODETYPE_ID, CODETYPE_DESC, CODETYPE_TABLE, READ_ONLY, COL_CODETYPE_ID, COL_CODE_ID, COL_CODE_DESC, COL_CODE_SEQ, COL_STATUS, COL_EFFECTIVE_DT, COL_EXPIRY_DT, EDIT_URL, ADD_URL, OWNER_GROUP, UPDATED_BY, UPDATED_DT, COL_CODE_LOCALE) values('salutation','Salutation','TBL_CODE_INT','Y','CODETYPE_ID','CODE_ID','CODE_DESC','CODE_SEQ',null,null,null,'/codeadmin/viewedit_int.do',null,'DEF-group-groupA',null,null,'LOCALE');
insert into TBL_CODETYPE (CODETYPE_ID, CODETYPE_DESC, CODETYPE_TABLE, READ_ONLY, COL_CODETYPE_ID, COL_CODE_ID, COL_CODE_DESC, COL_CODE_SEQ, COL_STATUS, COL_EFFECTIVE_DT, COL_EXPIRY_DT, EDIT_URL, ADD_URL, OWNER_GROUP, UPDATED_BY, UPDATED_DT, COL_CODE_LOCALE) values('schStatus','Schedule status','TBL_CODE_INT','Y','CODETYPE_ID','CODE_ID','CODE_DESC','CODE_SEQ',null,null,null,null,null,'DEF-group-groupA',null,null,'LOCALE');
insert into TBL_CODETYPE (CODETYPE_ID, CODETYPE_DESC, CODETYPE_TABLE, READ_ONLY, COL_CODETYPE_ID, COL_CODE_ID, COL_CODE_DESC, COL_CODE_SEQ, COL_STATUS, COL_EFFECTIVE_DT, COL_EXPIRY_DT, EDIT_URL, ADD_URL, OWNER_GROUP, UPDATED_BY, UPDATED_DT, COL_CODE_LOCALE) values('simple_status','simple status','TBL_CODE_INT','Y','CODETYPE_ID','CODE_ID','CODE_DESC','CODE_SEQ',null,null,null,'/codeadmin/viewedit_int.do',null,'DEF-group-groupA',null,null,'LOCALE');
insert into TBL_CODETYPE (CODETYPE_ID, CODETYPE_DESC, CODETYPE_TABLE, READ_ONLY, COL_CODETYPE_ID, COL_CODE_ID, COL_CODE_DESC, COL_CODE_SEQ, COL_STATUS, COL_EFFECTIVE_DT, COL_EXPIRY_DT, EDIT_URL, ADD_URL, OWNER_GROUP, UPDATED_BY, UPDATED_DT, COL_CODE_LOCALE) values('status','Status','TBL_CODE_INT','Y','CODETYPE_ID','CODE_ID','CODE_DESC','CODE_SEQ',null,null,null,'/codeadmin/viewedit_int.do',null,'DEF-group-groupA',null,null,'LOCALE');
insert into TBL_CODETYPE (CODETYPE_ID, CODETYPE_DESC, CODETYPE_TABLE, READ_ONLY, COL_CODETYPE_ID, COL_CODE_ID, COL_CODE_DESC, COL_CODE_SEQ, COL_STATUS, COL_EFFECTIVE_DT, COL_EXPIRY_DT, EDIT_URL, ADD_URL, OWNER_GROUP, UPDATED_BY, UPDATED_DT, COL_CODE_LOCALE) values('task_st','Task Status','TBL_CODE_INT','Y','CODETYPE_ID','CODE_ID','CODE_DESC','CODE_SEQ',null,null,null,null,null,null,null,null,'LOCALE');
insert into TBL_CODETYPE (CODETYPE_ID, CODETYPE_DESC, CODETYPE_TABLE, READ_ONLY, COL_CODETYPE_ID, COL_CODE_ID, COL_CODE_DESC, COL_CODE_SEQ, COL_STATUS, COL_EFFECTIVE_DT, COL_EXPIRY_DT, EDIT_URL, ADD_URL, OWNER_GROUP, UPDATED_BY, UPDATED_DT, COL_CODE_LOCALE) values('translogtype','Transaction Type','TBL_CODE_INT','Y','CODETYPE_ID','CODE_ID','CODE_DESC','CODE_SEQ',null,null,null,'/codeadmin/codeadmin/viewedit_int.do',null,null,null,null,'LOCALE');
insert into TBL_CODETYPE (CODETYPE_ID, CODETYPE_DESC, CODETYPE_TABLE, READ_ONLY, COL_CODETYPE_ID, COL_CODE_ID, COL_CODE_DESC, COL_CODE_SEQ, COL_STATUS, COL_EFFECTIVE_DT, COL_EXPIRY_DT, EDIT_URL, ADD_URL, OWNER_GROUP, UPDATED_BY, UPDATED_DT, COL_CODE_LOCALE) values('wregion','World Region','TBL_CODE_INT','Y','CODETYPE_ID','CODE_ID','CODE_DESC','CODE_SEQ',null,null,null,'/codeadmin/viewedit_int.do',null,'DEF-group-groupA',null,null,'LOCALE');

insert into TBL_CODE_INT (CODETYPE_ID, CODE_ID, CODE_DESC, CODE_SEQ, STATUS, EFFECTIVE_DT, EXPIRY_DT, UPDATED_BY, UPDATED_DT, LOCALE) values('acm_res','URI','URI',1,'A','2011-03-24','2008-01-01',null,null,'en');
insert into TBL_CODE_INT (CODETYPE_ID, CODE_ID, CODE_DESC, CODE_SEQ, STATUS, EFFECTIVE_DT, EXPIRY_DT, UPDATED_BY, UPDATED_DT, LOCALE) values('acm_res','ACTION','JSF Action',2,'A',null,null,null,null,'en');
insert into TBL_CODE_INT (CODETYPE_ID, CODE_ID, CODE_DESC, CODE_SEQ, STATUS, EFFECTIVE_DT, EXPIRY_DT, UPDATED_BY, UPDATED_DT, LOCALE) values('acm_res','REPORT_CATEGORY','Report Category',3,'A',null,null,null,null,'en');
insert into TBL_CODE_INT (CODETYPE_ID, CODE_ID, CODE_DESC, CODE_SEQ, STATUS, EFFECTIVE_DT, EXPIRY_DT, UPDATED_BY, UPDATED_DT, LOCALE) values('acm_res','WEBSERVICE','WebService',4,'A',null,null,null,null,'en');
insert into TBL_CODE_INT (CODETYPE_ID, CODE_ID, CODE_DESC, CODE_SEQ, STATUS, EFFECTIVE_DT, EXPIRY_DT, UPDATED_BY, UPDATED_DT, LOCALE) values('acm_res','RESTSERVICE','RESTful Service',5,'A',null,null,null,null,'en');
insert into TBL_CODE_INT (CODETYPE_ID, CODE_ID, CODE_DESC, CODE_SEQ, STATUS, EFFECTIVE_DT, EXPIRY_DT, UPDATED_BY, UPDATED_DT, LOCALE) values('loginType','CONTAINER','Container Login',6,'A','2011-03-24','2008-01-01',null,null,'en');
insert into TBL_CODE_INT (CODETYPE_ID, CODE_ID, CODE_DESC, CODE_SEQ, STATUS, EFFECTIVE_DT, EXPIRY_DT, UPDATED_BY, UPDATED_DT, LOCALE) values('loginType','KERBEROS','Kerberos Login',5,'A','2011-03-24','2008-01-01',null,null,'en');
insert into TBL_CODE_INT (CODETYPE_ID, CODE_ID, CODE_DESC, CODE_SEQ, STATUS, EFFECTIVE_DT, EXPIRY_DT, UPDATED_BY, UPDATED_DT, LOCALE) values('loginType','LDAP','LDAP Login',7,'A','2011-03-24','2008-01-01',null,null,'en');
insert into TBL_CODE_INT (CODETYPE_ID, CODE_ID, CODE_DESC, CODE_SEQ, STATUS, EFFECTIVE_DT, EXPIRY_DT, UPDATED_BY, UPDATED_DT, LOCALE) values('loginType','NETRUST','Netrust Login',4,'A','2011-03-24','2008-01-01',null,null,'en');
insert into TBL_CODE_INT (CODETYPE_ID, CODE_ID, CODE_DESC, CODE_SEQ, STATUS, EFFECTIVE_DT, EXPIRY_DT, UPDATED_BY, UPDATED_DT, LOCALE) values('loginType','PASSWORD','Password Login',1,'A','2011-03-24','2008-01-01',null,null,'en');
insert into TBL_CODE_INT (CODETYPE_ID, CODE_ID, CODE_DESC, CODE_SEQ, STATUS, EFFECTIVE_DT, EXPIRY_DT, UPDATED_BY, UPDATED_DT, LOCALE) values('loginType','SINGPASS','Singpass Login',2,'A','2011-03-24','2008-01-01',null,null,'en');
insert into TBL_CODE_INT (CODETYPE_ID, CODE_ID, CODE_DESC, CODE_SEQ, STATUS, EFFECTIVE_DT, EXPIRY_DT, UPDATED_BY, UPDATED_DT, LOCALE) values('loginType','SINGPASS_EASY','Singpass With Easy Login',3,'A','2011-02-11','2008-01-01',null,null,'en');
insert into TBL_CODE_INT (CODETYPE_ID, CODE_ID, CODE_DESC, CODE_SEQ, STATUS, EFFECTIVE_DT, EXPIRY_DT, UPDATED_BY, UPDATED_DT, LOCALE) values('process_st','A','Active',1,'A',null,null,'DEF-user-useradmin',null,'en');
insert into TBL_CODE_INT (CODETYPE_ID, CODE_ID, CODE_DESC, CODE_SEQ, STATUS, EFFECTIVE_DT, EXPIRY_DT, UPDATED_BY, UPDATED_DT, LOCALE) values('process_st','C','Completed',2,'A',null,null,'DEF-user-useradmin',null,'en');
insert into TBL_CODE_INT (CODETYPE_ID, CODE_ID, CODE_DESC, CODE_SEQ, STATUS, EFFECTIVE_DT, EXPIRY_DT, UPDATED_BY, UPDATED_DT, LOCALE) values('process_st','F','Failed',6,'A',null,null,'DEF-user-useradmin',null,'en');
insert into TBL_CODE_INT (CODETYPE_ID, CODE_ID, CODE_DESC, CODE_SEQ, STATUS, EFFECTIVE_DT, EXPIRY_DT, UPDATED_BY, UPDATED_DT, LOCALE) values('process_st','K','Creating',5,'A',null,null,'DEF-user-useradmin',null,'en');
insert into TBL_CODE_INT (CODETYPE_ID, CODE_ID, CODE_DESC, CODE_SEQ, STATUS, EFFECTIVE_DT, EXPIRY_DT, UPDATED_BY, UPDATED_DT, LOCALE) values('process_st','S','Suspended',3,'A',null,null,'DEF-user-useradmin',null,'en');
insert into TBL_CODE_INT (CODETYPE_ID, CODE_ID, CODE_DESC, CODE_SEQ, STATUS, EFFECTIVE_DT, EXPIRY_DT, UPDATED_BY, UPDATED_DT, LOCALE) values('process_st','T','Terminated',4,'A',null,null,'DEF-user-useradmin',null,'en');
insert into TBL_CODE_INT (CODETYPE_ID, CODE_ID, CODE_DESC, CODE_SEQ, STATUS, EFFECTIVE_DT, EXPIRY_DT, UPDATED_BY, UPDATED_DT, LOCALE) values('pubDest','File','File',2,'A',null,null,null,null,'en');
insert into TBL_CODE_INT (CODETYPE_ID, CODE_ID, CODE_DESC, CODE_SEQ, STATUS, EFFECTIVE_DT, EXPIRY_DT, UPDATED_BY, UPDATED_DT, LOCALE) values('pubDest','FTP','FTP',1,'A',null,null,null,null,'en');
insert into TBL_CODE_INT (CODETYPE_ID, CODE_ID, CODE_DESC, CODE_SEQ, STATUS, EFFECTIVE_DT, EXPIRY_DT, UPDATED_BY, UPDATED_DT, LOCALE) values('pubStatus','A','Active',1,'A',null,null,null,null,'en');
insert into TBL_CODE_INT (CODETYPE_ID, CODE_ID, CODE_DESC, CODE_SEQ, STATUS, EFFECTIVE_DT, EXPIRY_DT, UPDATED_BY, UPDATED_DT, LOCALE) values('pubStatus','I','Inactive',2,'A',null,null,null,null,'en');
insert into TBL_CODE_INT (CODETYPE_ID, CODE_ID, CODE_DESC, CODE_SEQ, STATUS, EFFECTIVE_DT, EXPIRY_DT, UPDATED_BY, UPDATED_DT, LOCALE) values('schStatus','C','Successful',6,'A',null,null,null,null,'en');
insert into TBL_CODE_INT (CODETYPE_ID, CODE_ID, CODE_DESC, CODE_SEQ, STATUS, EFFECTIVE_DT, EXPIRY_DT, UPDATED_BY, UPDATED_DT, LOCALE) values('schStatus','F','Failed',4,'A',null,null,null,null,'en');
insert into TBL_CODE_INT (CODETYPE_ID, CODE_ID, CODE_DESC, CODE_SEQ, STATUS, EFFECTIVE_DT, EXPIRY_DT, UPDATED_BY, UPDATED_DT, LOCALE) values('schStatus','N','Unscheduled',5,'A',null,null,null,null,'en');
insert into TBL_CODE_INT (CODETYPE_ID, CODE_ID, CODE_DESC, CODE_SEQ, STATUS, EFFECTIVE_DT, EXPIRY_DT, UPDATED_BY, UPDATED_DT, LOCALE) values('schStatus','P','Published',2,'A',null,null,null,null,'en');
insert into TBL_CODE_INT (CODETYPE_ID, CODE_ID, CODE_DESC, CODE_SEQ, STATUS, EFFECTIVE_DT, EXPIRY_DT, UPDATED_BY, UPDATED_DT, LOCALE) values('schStatus','S','Scheduled',1,'A',null,null,null,null,'en');
insert into TBL_CODE_INT (CODETYPE_ID, CODE_ID, CODE_DESC, CODE_SEQ, STATUS, EFFECTIVE_DT, EXPIRY_DT, UPDATED_BY, UPDATED_DT, LOCALE) values('schStatus','U','Unpublished',3,'A',null,null,null,null,'en');
insert into TBL_CODE_INT (CODETYPE_ID, CODE_ID, CODE_DESC, CODE_SEQ, STATUS, EFFECTIVE_DT, EXPIRY_DT, UPDATED_BY, UPDATED_DT, LOCALE) values('task_st','C','Complete Failed',3,'A',null,null,'DEF-user-useradmin',null,'en');
insert into TBL_CODE_INT (CODETYPE_ID, CODE_ID, CODE_DESC, CODE_SEQ, STATUS, EFFECTIVE_DT, EXPIRY_DT, UPDATED_BY, UPDATED_DT, LOCALE) values('task_st','P','Processing',2,'A',null,null,'DEF-user-useradmin',null,'en');
insert into TBL_CODE_INT (CODETYPE_ID, CODE_ID, CODE_DESC, CODE_SEQ, STATUS, EFFECTIVE_DT, EXPIRY_DT, UPDATED_BY, UPDATED_DT, LOCALE) values('task_st','S','Skip Failed',3,'A',null,null,'DEF-user-useradmin',null,'en');
insert into TBL_CODE_INT (CODETYPE_ID, CODE_ID, CODE_DESC, CODE_SEQ, STATUS, EFFECTIVE_DT, EXPIRY_DT, UPDATED_BY, UPDATED_DT, LOCALE) values('task_st','W','Waiting',1,'A',null,null,'DEF-user-useradmin',null,'en');
insert into TBL_CODE_INT (CODETYPE_ID, CODE_ID, CODE_DESC, CODE_SEQ, STATUS, EFFECTIVE_DT, EXPIRY_DT, UPDATED_BY, UPDATED_DT, LOCALE) values('translogtype','DELETE','DELETE',3,'A',null,null,null,null,'en');
insert into TBL_CODE_INT (CODETYPE_ID, CODE_ID, CODE_DESC, CODE_SEQ, STATUS, EFFECTIVE_DT, EXPIRY_DT, UPDATED_BY, UPDATED_DT, LOCALE) values('translogtype','INSERT','INSERT',1,'A',null,null,null,null,'en');
insert into TBL_CODE_INT (CODETYPE_ID, CODE_ID, CODE_DESC, CODE_SEQ, STATUS, EFFECTIVE_DT, EXPIRY_DT, UPDATED_BY, UPDATED_DT, LOCALE) values('translogtype','UPDATE','UPDATE',2,'A',null,null,null,null,'en');
insert into TBL_CODE_INT (CODETYPE_ID, CODE_ID, CODE_DESC, CODE_SEQ, STATUS, EFFECTIVE_DT, EXPIRY_DT, UPDATED_BY, UPDATED_DT, LOCALE) values ('status','A','Active',1,'A',null,null,null,now(),'en');
insert into TBL_CODE_INT (CODETYPE_ID, CODE_ID, CODE_DESC, CODE_SEQ, STATUS, EFFECTIVE_DT, EXPIRY_DT, UPDATED_BY, UPDATED_DT, LOCALE) values ('status','I','Inactive',3,'A',null,null,null,now(),'en');
insert into TBL_CODE_INT (CODETYPE_ID, CODE_ID, CODE_DESC, CODE_SEQ, STATUS, EFFECTIVE_DT, EXPIRY_DT, UPDATED_BY, UPDATED_DT, LOCALE) values ('status','P','Pending',5,'P',null,null,null,now(),'en');
insert into TBL_CODE_INT (CODETYPE_ID, CODE_ID, CODE_DESC, CODE_SEQ, STATUS, EFFECTIVE_DT, EXPIRY_DT, UPDATED_BY, UPDATED_DT, LOCALE) values ('status','R','Revoked',4,'A',null,null,null,now(),'en');
insert into TBL_CODE_INT (CODETYPE_ID, CODE_ID, CODE_DESC, CODE_SEQ, STATUS, EFFECTIVE_DT, EXPIRY_DT, UPDATED_BY, UPDATED_DT, LOCALE) values ('status','S','Suspended',2,'A',null,null,null,now(),'en');

insert into TBL_AA_APP values('IConnect','IConnect','IConnect','IConnect',now(),'SYSTEM',now(),'SYSTEM',0);

insert into TBL_AA_SUBJECT values('DEF-user-appadmin','Application','Admin','appadmin@ncs.com.sg',null,null,null,'A',0,null,null,now(),'SYSTEM',now(),'SYSTEM',1);
insert into TBL_AA_SUBJECT values('DEF-user-configadmin','Config','Admin','configadmin@ncs.com.sg',null,null,null,'A',0,null,null,now(),'SYSTEM',now(),'SYSTEM',1);
insert into TBL_AA_SUBJECT values('DEF-user-groupadmin','Group','Admin','appadmin@ncs.com.sg',null,null,null,'A',0,null,null,now(),'SYSTEM',now(),'SYSTEM',1);
insert into TBL_AA_SUBJECT values('DEF-user-roleadmin','Role','Admin','roleadmin@ncs.com.sg',null,null,null,'A',0,null,null,now(),'SYSTEM',now(),'SYSTEM',1);
insert into TBL_AA_SUBJECT values('DEF-user-useradmin','User','Admin','useradmin@ncs.com.sg',null,null,null,'A',0,null,null,now(),'SYSTEM',now(),'SYSTEM',1);

insert into TBL_AA_SUBJECT_LOGIN values('DEF-user-appadmin','PASSWORD','appadmin','vFR3ULknl/lVs2ESzJvdXN330IYhUdA6FnraiZWqJKmtJGELNqaLwC2iQUHuUWcK6hPtZGkJmkRT8zXLI5212g==',null,null,null,0,null,'SYSTEM',null,'SYSTEM',1);
insert into TBL_AA_SUBJECT_LOGIN values('DEF-user-configadmin','PASSWORD','configadmin','vFR3ULknl/lVs2ESzJvdXN330IYhUdA6FnraiZWqJKmtJGELNqaLwC2iQUHuUWcK6hPtZGkJmkRT8zXLI5212g==',null,null,null,0,null,'SYSTEM',null,'SYSTEM',1);
insert into TBL_AA_SUBJECT_LOGIN values('DEF-user-groupadmin','PASSWORD','groupadmin','vFR3ULknl/lVs2ESzJvdXN330IYhUdA6FnraiZWqJKmtJGELNqaLwC2iQUHuUWcK6hPtZGkJmkRT8zXLI5212g==',null,null,null,0,null,'SYSTEM',null,'SYSTEM',1);
insert into TBL_AA_SUBJECT_LOGIN values('DEF-user-roleadmin','PASSWORD','roleadmin','vFR3ULknl/lVs2ESzJvdXN330IYhUdA6FnraiZWqJKmtJGELNqaLwC2iQUHuUWcK6hPtZGkJmkRT8zXLI5212g==',null,null,null,0,null,'SYSTEM',null,'SYSTEM',1);
insert into TBL_AA_SUBJECT_LOGIN values('DEF-user-useradmin','PASSWORD','useradmin','vFR3ULknl/lVs2ESzJvdXN330IYhUdA6FnraiZWqJKmtJGELNqaLwC2iQUHuUWcK6hPtZGkJmkRT8zXLI5212g==',null,null,null,0,null,'SYSTEM',null,'SYSTEM',1);

insert into TBL_AA_GROUP values ('REQ-group-universal','UNIVERSAL_GROUP',NULL,NULL,NULL,1,12,now(),'SYSTEM',now(),'SYSTEM',1);
insert into TBL_AA_GROUP values ('REQ-group-internet','INTERNET_GROUP',NULL,'REQ-group-universal',NULL,2,3,now(),'SYSTEM',now(),'SYSTEM',1);
insert into TBL_AA_GROUP values ('REQ-group-extranet','EXTRANET_GROUP',NULL,'REQ-group-universal',NULL,4,5,now(),'SYSTEM',now(),'SYSTEM',1);
insert into TBL_AA_GROUP values ('REQ-group-intranet','INTRANET_GROUP',NULL,'REQ-group-universal',NULL,6,11,now(),'SYSTEM',now(),'SYSTEM',1);
insert into TBL_AA_GROUP values ('DEF-group-organization','ORGANIZATION_GROUP',NULL,'REQ-group-intranet',NULL,7,10,now(),'SYSTEM',now(),'SYSTEM',1);
insert into TBL_AA_GROUP values ('DEF-group-groupA','GROUP A','','DEF-group-organization',NULL,8,9,now(),'SYSTEM',now(),'SYSTEM',1);

insert into TBL_AA_GROUP_ADMIN values('REQ-group-universal','S','DEF-user-appadmin',null,null,now(),'SYSTEM',now(),'SYSTEM',1);
insert into TBL_AA_GROUP_ADMIN values('REQ-group-universal','S','DEF-user-configadmin',null,null,now(),'SYSTEM',now(),'SYSTEM',1);
insert into TBL_AA_GROUP_ADMIN values('REQ-group-universal','S','DEF-user-groupadmin',null,null,now(),'SYSTEM',now(),'SYSTEM',1);
insert into TBL_AA_GROUP_ADMIN values('REQ-group-universal','S','DEF-user-roleadmin',null,null,now(),'SYSTEM',now(),'SYSTEM',1);
insert into TBL_AA_GROUP_ADMIN values('REQ-group-universal','S','DEF-user-useradmin',null,null,now(),'SYSTEM',now(),'SYSTEM',1);

insert into TBL_AA_RESOURCES values('DEF-role-appadmin','IConnect','Application Admin Role','-','LOG_ROLE','1','REQ-group-universal',0,0,null,null,now(),'SYSTEM',now(),'SYSTEM',0);
insert into TBL_AA_RESOURCES values('DEF-role-configadmin','IConnect','Config Admin Role','-','LOG_ROLE','1','REQ-group-universal',0,0,null,null,now(),'SYSTEM',now(),'SYSTEM',0);
insert into TBL_AA_RESOURCES values('DEF-role-groupadmin','IConnect','Group Admin Role','-','LOG_ROLE','1','REQ-group-universal',0,0,null,null,now(),'SYSTEM',now(),'SYSTEM',0);
insert into TBL_AA_RESOURCES values('DEF-role-roleadmin','IConnect','Role Admin Role','-','LOG_ROLE','1','REQ-group-universal',0,0,null,null,now(),'SYSTEM',now(),'SYSTEM',0);
insert into TBL_AA_RESOURCES values('DEF-role-useradmin','IConnect','User Admin Role','-','LOG_ROLE','1','REQ-group-universal',0,0,null,null,now(),'SYSTEM',now(),'SYSTEM',0);
insert into TBL_AA_RESOURCES values('DEF-role-internetuser','IConnect','Internet User Role','-','LOG_ROLE','1','REQ-group-universal',0,0,null,null,now(),'SYSTEM',now(),'SYSTEM',0);
insert into TBL_AA_RESOURCES values('DEF-role-intranetuser','IConnect','Intranet User Role','-','LOG_ROLE','1','REQ-group-universal',0,0,null,null,now(),'SYSTEM',now(),'SYSTEM',0);
insert into TBL_AA_RESOURCES values('DEF-role-partner1','IConnect','Extranet Partner1 Role','-','LOG_ROLE','1','REQ-group-universal',0,0,null,null,now(),'SYSTEM',now(),'SYSTEM',0);
insert into TBL_AA_RESOURCES values('DEF-role-partner2','IConnect','Extranet Partner2 Role','-','LOG_ROLE','1','REQ-group-universal',0,0,null,null,now(),'SYSTEM',now(),'SYSTEM',0);
insert into TBL_AA_RESOURCES values('DEF-func-acm-function','IConnect','FUNCTION-Maintian Function','-','FUNCTION','1','REQ-group-universal',0,0,null,null,now(),'SYSTEM',now(),'SYSTEM',0);
insert into TBL_AA_RESOURCES values('DEF-func-acm-role','IConnect','FUNCTION-Maintian Role','-','FUNCTION','1','REQ-group-universal',0,0,null,null,now(),'SYSTEM',now(),'SYSTEM',0);
insert into TBL_AA_RESOURCES values('DEF-func-acm-group','IConnect','FUNCTION-Maintian Group','-','FUNCTION','1','REQ-group-universal',0,0,null,null,now(),'SYSTEM',now(),'SYSTEM',0);
insert into TBL_AA_RESOURCES values('DEF-func-acm-user','IConnect','FUNCTION-Maintian User','-','FUNCTION','1','REQ-group-universal',0,0,null,null,now(),'SYSTEM',now(),'SYSTEM',0);
insert into TBL_AA_RESOURCES values('DEF-func-acm-delegate','IConnect','FUNCTION-Delegate Duties','-','FUNCTION','1','REQ-group-universal',0,0,null,null,now(),'SYSTEM',now(),'SYSTEM',0);
insert into TBL_AA_RESOURCES values('DEF-func-acm-application','IConnect','FUNCTION-Maintain Application','-','FUNCTION','1','REQ-group-universal',0,0,null,null,now(),'SYSTEM',now(),'SYSTEM',0);
insert into TBL_AA_RESOURCES values('DEF-func-acm-loginlog','IConnect','FUNCTION-View Login Log','-','FUNCTION','1','REQ-group-universal',0,0,null,null,now(),'SYSTEM',now(),'SYSTEM',0);
insert into TBL_AA_RESOURCES values('DEF-func-acm-report','IConnect','FUNCTION-ACM Report','-','FUNCTION','1','REQ-group-universal',0,0,null,null,now(),'SYSTEM',now(),'SYSTEM',0);
insert into TBL_AA_RESOURCES values('DEF-res-acm-loginlog','IConnect','ACM-RESOURCES-Login Log','/view/loginlog/','URI','1','REQ-group-universal',0,0,null,null,now(),'SYSTEM',now(),'SYSTEM',0);
insert into TBL_AA_RESOURCES values('DEF-res-acm-report','IConnect','ACM-RESOURCES-Report','/view/report/','URI','1','REQ-group-universal',0,0,null,null,now(),'SYSTEM',now(),'SYSTEM',0);
insert into TBL_AA_RESOURCES values('DEF-res-acm-application','IConnect','ACM-RESOURCES-Application','/view/app/','URI','1','REQ-group-universal',0,0,null,null,now(),'SYSTEM',now(),'SYSTEM',0);
insert into TBL_AA_RESOURCES values('DEF-res-acm-delegate','IConnect','ACM-RESOURCES-Delegate','/view/user/userDelegation','URI','1','REQ-group-universal',0,0,null,null,now(),'SYSTEM',now(),'SYSTEM',0);
insert into TBL_AA_RESOURCES values('DEF-res-acm-user','IConnect','ACM-RESOURCES-User','/view/user/','URI','1','REQ-group-universal',0,0,null,null,now(),'SYSTEM',now(),'SYSTEM',0);
insert into TBL_AA_RESOURCES values('DEF-res-acm-group','IConnect','ACM-RESOURCES-Group','/view/ga/','URI','1','REQ-group-universal',0,0,null,null,now(),'SYSTEM',now(),'SYSTEM',0);
insert into TBL_AA_RESOURCES values('DEF-res-acm-role','IConnect','ACM-RESOURCES-Role','/view/role/','URI','1','REQ-group-universal',0,0,null,null,now(),'SYSTEM',now(),'SYSTEM',0);
insert into TBL_AA_RESOURCES values('DEF-res-acm-function','IConnect','ACM-RESOURCES-Function','/view/func/','URI','1','REQ-group-universal',0,0,null,null,now(),'SYSTEM',now(),'SYSTEM',0);

insert into TBL_AA_SUBJECT2GROUP values('DEF-user-appadmin','REQ-group-universal','NA',now(),'SYSTEM',now(),'SYSTEM',1);
insert into TBL_AA_SUBJECT2GROUP values('DEF-user-configadmin','REQ-group-universal','NA',now(),'SYSTEM',now(),'SYSTEM',1);
insert into TBL_AA_SUBJECT2GROUP values('DEF-user-groupadmin','REQ-group-universal','NA',now(),'SYSTEM',now(),'SYSTEM',1);
insert into TBL_AA_SUBJECT2GROUP values('DEF-user-roleadmin','REQ-group-universal','NA',now(),'SYSTEM',now(),'SYSTEM',1);
insert into TBL_AA_SUBJECT2GROUP values('DEF-user-useradmin','REQ-group-universal','NA',now(),'SYSTEM',now(),'SYSTEM',1);

insert into TBL_AA_SUBJECT2RES values('DEF-user-appadmin','DEF-role-appadmin','1','1','1','1',null,null,now(),'SYSTEM',now(),'SYSTEM',1,'REQ-group-universal');
insert into TBL_AA_SUBJECT2RES values('DEF-user-configadmin','DEF-role-configadmin','1','1','1','1',null,null,now(),'SYSTEM',now(),'SYSTEM',1,'REQ-group-universal');
insert into TBL_AA_SUBJECT2RES values('DEF-user-groupadmin','DEF-role-groupadmin','1','1','1','1',null,null,now(),'SYSTEM',now(),'SYSTEM',1,'REQ-group-universal');
insert into TBL_AA_SUBJECT2RES values('DEF-user-roleadmin','DEF-role-roleadmin','1','1','1','1',null,null,now(),'SYSTEM',now(),'SYSTEM',1,'REQ-group-universal');
insert into TBL_AA_SUBJECT2RES values('DEF-user-useradmin','DEF-role-useradmin','1','1','1','1',null,null,now(),'SYSTEM',now(),'SYSTEM',1,'REQ-group-universal');

insert into TBL_AA_RES2RES values('DEF-res-acm-loginlog','DEF-func-acm-report','1','1','1','1',null,null,now(),'SYSTEM',now(),'SYSTEM',1,'REQ-group-universal');
insert into TBL_AA_RES2RES values('DEF-res-acm-report','DEF-func-acm-loginlog','1','1','1','1',null,null,now(),'SYSTEM',now(),'SYSTEM',1,'REQ-group-universal');
insert into TBL_AA_RES2RES values('DEF-res-acm-application','DEF-func-acm-application','1','1','1','1',null,null,now(),'SYSTEM',now(),'SYSTEM',1,'REQ-group-universal');
insert into TBL_AA_RES2RES values('DEF-res-acm-delegate','DEF-func-acm-delegate','1','1','1','1',null,null,now(),'SYSTEM',now(),'SYSTEM',1,'REQ-group-universal');
insert into TBL_AA_RES2RES values('DEF-res-acm-user','DEF-func-acm-user','1','1','1','1',null,null,now(),'SYSTEM',now(),'SYSTEM',1,'REQ-group-universal');
insert into TBL_AA_RES2RES values('DEF-res-acm-group','DEF-func-acm-group','1','1','1','1',null,null,now(),'SYSTEM',now(),'SYSTEM',1,'REQ-group-universal');
insert into TBL_AA_RES2RES values('DEF-res-acm-role','DEF-func-acm-role','1','1','1','1',null,null,now(),'SYSTEM',now(),'SYSTEM',1,'REQ-group-universal');
insert into TBL_AA_RES2RES values('DEF-res-acm-function','DEF-func-acm-function','1','1','1','1',null,null,now(),'SYSTEM',now(),'SYSTEM',1,'REQ-group-universal');
insert into TBL_AA_RES2RES values('DEF-func-acm-report','DEF-role-appadmin','1','1','1','1',null,null,now(),'SYSTEM',now(),'SYSTEM',1,'REQ-group-universal');
insert into TBL_AA_RES2RES values('DEF-func-acm-loginlog','DEF-role-appadmin','1','1','1','1',null,null,now(),'SYSTEM',now(),'SYSTEM',1,'REQ-group-universal');
insert into TBL_AA_RES2RES values('DEF-func-acm-application','DEF-role-appadmin','1','1','1','1',null,null,now(),'SYSTEM',now(),'SYSTEM',1,'REQ-group-universal');
insert into TBL_AA_RES2RES values('DEF-func-acm-delegate','DEF-role-appadmin','1','1','1','1',null,null,now(),'SYSTEM',now(),'SYSTEM',1,'REQ-group-universal');
insert into TBL_AA_RES2RES values('DEF-func-acm-user','DEF-role-appadmin','1','1','1','1',null,null,now(),'SYSTEM',now(),'SYSTEM',1,'REQ-group-universal');
insert into TBL_AA_RES2RES values('DEF-func-acm-group','DEF-role-appadmin','1','1','1','1',null,null,now(),'SYSTEM',now(),'SYSTEM',1,'REQ-group-universal');
insert into TBL_AA_RES2RES values('DEF-func-acm-role','DEF-role-appadmin','1','1','1','1',null,null,now(),'SYSTEM',now(),'SYSTEM',1,'REQ-group-universal');
insert into TBL_AA_RES2RES values('DEF-func-acm-function','DEF-role-appadmin','1','1','1','1',null,null,now(),'SYSTEM',now(),'SYSTEM',1,'REQ-group-universal');
insert into TBL_AA_RES2RES values('DEF-func-acm-delegate','DEF-role-roleadmin','1','1','1','1',null,null,now(),'SYSTEM',now(),'SYSTEM',1,'REQ-group-universal');
insert into TBL_AA_RES2RES values('DEF-func-acm-role','DEF-role-roleadmin','1','1','1','1',null,null,now(),'SYSTEM',now(),'SYSTEM',1,'REQ-group-universal');
insert into TBL_AA_RES2RES values('DEF-func-acm-function','DEF-role-roleadmin','1','1','1','1',null,null,now(),'SYSTEM',now(),'SYSTEM',1,'REQ-group-universal');
insert into TBL_AA_RES2RES values('DEF-func-acm-loginlog','DEF-role-useradmin','1','1','1','1',null,null,now(),'SYSTEM',now(),'SYSTEM',1,'REQ-group-universal');
insert into TBL_AA_RES2RES values('DEF-func-acm-delegate','DEF-role-useradmin','1','1','1','1',null,null,now(),'SYSTEM',now(),'SYSTEM',1,'REQ-group-universal');
insert into TBL_AA_RES2RES values('DEF-func-acm-user','DEF-role-useradmin','1','1','1','1',null,null,now(),'SYSTEM',now(),'SYSTEM',1,'REQ-group-universal');
insert into TBL_AA_RES2RES values('DEF-func-acm-delegate','DEF-role-groupadmin','1','1','1','1',null,null,now(),'SYSTEM',now(),'SYSTEM',1,'REQ-group-universal');
insert into TBL_AA_RES2RES values('DEF-func-acm-group','DEF-role-groupadmin','1','1','1','1',null,null,now(),'SYSTEM',now(),'SYSTEM',1,'REQ-group-universal');
insert into TBL_AA_RES2RES values('DEF-func-acm-report','DEF-role-configadmin','1','1','1','1',null,null,now(),'SYSTEM',now(),'SYSTEM',1,'REQ-group-universal');
insert into TBL_AA_RES2RES values('DEF-func-acm-loginlog','DEF-role-configadmin','1','1','1','1',null,null,now(),'SYSTEM',now(),'SYSTEM',1,'REQ-group-universal');
insert into TBL_AA_RES2RES values('DEF-func-acm-application','DEF-role-configadmin','1','1','1','1',null,null,now(),'SYSTEM',now(),'SYSTEM',1,'REQ-group-universal');
insert into TBL_AA_RES2RES values('DEF-func-acm-delegate','DEF-role-configadmin','1','1','1','1',null,null,now(),'SYSTEM',now(),'SYSTEM',1,'REQ-group-universal');

insert into tbl_codetype values('designation', 'Designation Titles', 'tbl_code_int', 'y', 'codetype_id', 'code_id', 'code_desc', 'code_seq', null, null, null, '', null, 'DEF-group-groupA', null, null, 'locale');

insert into tbl_code_int values('designation', 'Consultant', null, null, 'Consultant', 1, 'A', now(), null, '', now(), 'en');
insert into tbl_code_int values('designation', 'Senior Consultant', null, null, 'Senior Consultant', 2, 'A', now(), null, '', now(), 'en');
insert into tbl_code_int values('designation', 'Manager', null, null, 'Manager', 3, 'A', now(), null, '', now(), 'en');
insert into tbl_code_int values('designation', 'Senior Manager', null, null, 'Senior Manager', 4, 'A', now(), null, '', now(), 'en');
insert into tbl_code_int values('designation', 'Director', null, null, 'Director', 5, 'A', now(), null, '', now(), 'en');

UPDATE tbl_aa_subject_login SET PASSWORD_CHANGED_DATE = NOW();